vertex_index,old_full_qmi_raw_score,archived_raw_score,new_dynamics_raw_score,dynamics_score_from_qmi_block,absolute_difference,relative_difference,old_processed_score,new_processed_score,old_anchor,new_anchor,old_tier,new_tier
0,12788.610459362953,12788.610459362953,12788.610459362928,12788.610459362957,2.546585164964199e-11,1.991291526985062e-15,0.6311435564997425,0.6311435564997425,False,False,2,2
1,12788.595454680977,12788.595454680977,12788.59545468095,12788.595454680972,2.7284841053187847e-11,2.1335291392926848e-15,0.6311429903989907,0.6311429903989906,False,False,2,2
2,12787.8466508639,12787.8466508639,12787.846650863883,12787.846650863909,1.6370904631912708e-11,1.2801924420016994e-15,0.6311147382198616,0.6311147382198621,False,False,2,2
3,12787.831562842184,12787.831562842184,12787.831562842164,12787.83156284219,2.000888343900442e-11,1.5646814974592383e-15,0.6311141689303685,0.6311141689303688,False,False,2,2
4,12127.545918353402,12127.545918353402,12127.545918353371,12127.545918353408,3.092281986027956e-11,2.549800270265895e-15,0.6053402152456726,0.6053402152456722,False,False,1,1
5,12127.526988747017,12127.526988747017,12127.526988746988,12127.52698874702,2.9103830456733704e-11,2.3998157648907968e-15,0.6053394511036077,0.6053394511036073,False,False,1,1
6,12126.745289884278,12126.745289884278,12126.74528988425,12126.745289884282,2.9103830456733704e-11,2.3999704587686143e-15,0.6053078945339812,0.6053078945339807,False,False,1,1
7,12126.726267726619,12126.726267726619,12126.726267726592,12126.726267726623,2.7284841053187847e-11,2.2499758344345724e-15,0.6053071265929578,0.6053071265929575,False,False,1,1
8,12788.609511248484,12788.609511248484,12788.609511248458,12788.609511248484,2.546585164964199e-11,1.9912916746142712e-15,0.6311435207290459,0.6311435207290459,False,False,2,2
9,12788.594508439937,12788.594508439937,12788.594508439908,12788.594508439941,2.9103830456733704e-11,2.2757645836316408e-15,0.6311429546989205,0.6311429546989202,False,False,2,2
10,12787.84570324374,12787.84570324374,12787.845703243716,12787.845703243747,2.3646862246096134e-11,1.8491669976982843e-15,0.6311147024650212,0.6311147024650212,False,False,2,2
11,12787.830617095417,12787.830617095417,12787.830617095397,12787.830617095415,2.000888343900442e-11,1.5646816131780426e-15,0.6311141332461583,0.6311141332461585,False,False,2,2
12,12127.544949375031,12127.544949375031,12127.54494937501,12127.544949375046,2.1827872842550278e-11,1.7998591581122225e-15,0.6053401761304138,0.6053401761304136,False,False,1,1
13,12127.526021706515,12127.526021706515,12127.526021706486,12127.526021706512,2.9103830456733704e-11,2.399815956250439e-15,0.6053394120665003,0.6053394120664999,False,False,1,1
14,12126.744321462818,12126.744321462818,12126.74432146279,12126.744321462818,2.9103830456733704e-11,2.3999706504262295e-15,0.605307855438002,0.6053078554380016,False,False,1,1
15,12126.725301242957,12126.725301242957,12126.725301242932,12126.725301242965,2.546585164964199e-11,2.0999776128376395e-15,0.6053070875751332,0.605307087575133,False,False,1,1
16,12788.603356683077,12788.603356683077,12788.603356683052,12788.603356683081,2.546585164964199e-11,1.9912926329311815e-15,0.6311432885279988,0.6311432885279988,False,False,2,2
17,12788.588354481411,12788.588354481411,12788.58835448138,12788.58835448141,3.092281986027956e-11,2.4180010336671367e-15,0.6311427225204136,0.6311427225204134,False,False,2,2
18,12787.839558710053,12787.839558710053,12787.839558710031,12787.839558710057,2.1827872842550278e-11,1.7069242026643098e-15,0.6311144706243417,0.6311144706243418,False,False,2,2
19,12787.824473168035,12787.824473168035,12787.824473168006,12787.824473168032,2.9103830456733704e-11,2.2759016217184257e-15,0.6311139014279976,0.6311139014279975,False,False,2,2
20,12127.532083406382,12127.532083406382,12127.53208340635,12127.532083406375,3.2741809263825417e-11,2.699791601345234e-15,0.6053396567627325,0.6053396567627319,False,False,1,1
21,12127.513157326244,12127.513157326244,12127.513157326219,12127.513157326248,2.546585164964199e-11,2.0998411891442098e-15,0.6053388927619326,0.6053388927619324,False,False,1,1
22,12126.731470121627,12126.731470121627,12126.731470121604,12126.731470121633,2.3646862246096134e-11,1.9499782199645724e-15,0.6053073366183104,0.6053073366183104,False,False,1,1
23,12126.712451490002,12126.712451490002,12126.712451489962,12126.712451489999,4.001776687800884e-11,3.299968316894649e-15,0.605306568818551,0.6053065688185503,False,False,1,1
24,12788.602408614845,12788.602408614845,12788.602408614817,12788.602408614843,2.7284841053187847e-11,2.1335279791643093e-15,0.6311432527590205,0.6311432527590205,False,False,2,2
25,12788.587408286601,12788.587408286601,12788.587408286581,12788.587408286596,2.000888343900442e-11,1.5645890198974826e-15,0.6311426868220615,0.6311426868220618,False,False,2,2
26,12787.838611136069,12787.838611136069,12787.838611136038,12787.838611136063,3.092281986027956e-11,2.4181427996245556e-15,0.6311144348712174,0.6311144348712172,False,False,2,2
27,12787.82352746743,12787.82352746743,12787.823527467392,12787.823527467426,3.8198777474462986e-11,2.9871210994126127e-15,0.6311138657455032,0.6311138657455028,False,False,2,2
28,12127.53111449528,12127.53111449528,12127.53111449525,12127.531114495283,2.9103830456733704e-11,2.399814948480958e-15,0.6053396176501338,0.6053396176501333,False,False,1,1
29,12127.512190353009,12127.512190353009,12127.51219035298,12127.512190353009,2.9103830456733704e-11,2.3998186932258647e-15,0.6053388537274854,0.605338853727485,False,False,1,1
30,12126.730501767359,12126.730501767359,12126.730501767335,12126.730501767359,2.3646862246096134e-11,1.949978375675935e-15,0.6053072975249886,0.6053072975249885,False,False,1,1
31,12126.711485073512,12126.711485073512,12126.711485073494,12126.711485073522,1.8189894035458565e-11,1.4999857181271347e-15,0.6053065298033831,0.6053065298033833,False,False,1,1
32,12788.611614349446,12788.611614349446,12788.611614349422,12788.611614349451,2.3646862246096134e-11,1.849056250919623e-15,0.6311436000753533,0.6311436000753534,False,False,2,2
33,12788.596611828187,12788.596611828187,12788.596611828169,12788.596611828185,1.8189894035458565e-11,1.4223526308300874e-15,0.6311430340561885,0.6311430340561888,False,False,2,2
34,12787.847766979376,12787.847766979376,12787.847766979354,12787.847766979376,2.1827872842550278e-11,1.7069231070230555e-15,0.6311147803322273,0.6311147803322275,False,False,2,2
35,12787.8326810802,12787.8326810802,12787.832681080163,12787.832681080195,3.637978807091713e-11,2.8448752011544225e-15,0.6311142111228851,0.6311142111228848,False,False,2,2
36,12127.547267274913,12127.547267274913,12127.547267274886,12127.54726727491,2.7284841053187847e-11,2.2498235176385186e-15,0.6053402696982892,0.6053402696982889,False,False,1,1
37,12127.52834013899,12127.52834013899,12127.528340138972,12127.528340139,1.8189894035458565e-11,1.499884685921921e-15,0.6053395056560564,0.6053395056560564,False,False,1,1
38,12126.746593046735,12126.746593046735,12126.746593046711,12126.74659304674,2.3646862246096134e-11,1.949975788201498e-15,0.6053079471437265,0.6053079471437264,False,False,1,1
39,12126.727573315435,12126.727573315435,12126.727573315404,12126.72757331544,3.092281986027956e-11,2.549972337823805e-15,0.6053071793007598,0.6053071793007594,False,False,1,1
40,12788.610666263201,12788.610666263201,12788.610666263168,12788.610666263197,3.2741809263825417e-11,2.5602319218458535e-15,0.6311435643057257,0.6311435643057255,False,False,2,2
41,12788.59566561539,12788.59566561539,12788.595665615368,12788.595665615398,2.1827872842550278e-11,1.7068232832818955e-15,0.631142998357188,0.6311429983571881,False,False,2,2
42,12787.846819387065,12787.846819387065,12787.84681938704,12787.846819387065,2.546585164964199e-11,1.9914104390924034e-15,0.6311147445784417,0.6311147445784416,False,False,2,2
43,12787.831735361304,12787.831735361304,12787.831735361277,12787.831735361302,2.7284841053187847e-11,2.1336565586595083e-15,0.6311141754397306,0.6311141754397306,False,False,2,2
44,12127.546298326932,12127.546298326932,12127.546298326906,12127.546298326934,2.546585164964199e-11,2.0998354508986832e-15,0.6053402305842626,0.6053402305842623,False,False,1,1
45,12127.527373128913,12127.527373128913,12127.527373128876,12127.527373128909,3.637978807091713e-11,2.999769611035816e-15,0.6053394666201826,0.6053394666201819,False,False,1,1
46,12126.745624655272,12126.745624655272,12126.745624655237,12126.74562465528,3.456079866737127e-11,2.8499648411115853e-15,0.6053079080489635,0.605307908048963,False,False,1,1
47,12126.726606861797,12126.726606861797,12126.726606861772,12126.726606861801,2.546585164964199e-11,2.0999773867444467e-15,0.6053071402841526,0.6053071402841523,False,False,1,1
48,12788.604511596446,12788.604511596446,12788.604511596419,12788.60451159645,2.7284841053187847e-11,2.133527628323052e-15,0.6311433321008824,0.6311433321008824,False,False,2,2
49,12788.58951155543,12788.58951155543,12788.589511555405,12788.58951155543,2.546585164964199e-11,1.9912947887358275e-15,0.6311427661748819,0.6311427661748819,False,False,2,2
50,12787.840674753308,12787.840674753308,12787.840674753283,12787.840674753297,2.546585164964199e-11,1.9914113959770033e-15,0.6311145127340128,0.6311145127340129,False,False,2,2
51,12787.825591333749,12787.825591333749,12787.825591333718,12787.825591333745,3.092281986027956e-11,2.4181452616335192e-15,0.6311139436178168,0.6311139436178166,False,False,2,2
52,12127.53343222553,12127.53343222553,12127.533432225504,12127.53343222553,2.546585164964199e-11,2.0998376786143183e-15,0.6053397112112939,0.6053397112112937,False,False,1,1
53,12127.514508615772,12127.514508615772,12127.514508615739,12127.514508615772,3.2741809263825417e-11,2.6997955137934154e-15,0.605338947310323,0.6053389473103226,False,False,1,1
54,12126.732773182834,12126.732773182834,12126.732773182806,12126.732773182839,2.7284841053187847e-11,2.2499746274219707e-15,0.6053073892240426,0.6053073892240423,False,False,1,1
55,12126.713756977455,12126.713756977455,12126.713756977424,12126.713756977457,3.092281986027956e-11,2.5499752430857223e-15,0.6053066215223355,0.6053066215223349,False,False,1,1
56,12788.603563556424,12788.603563556424,12788.603563556402,12788.603563556437,2.1827872842550278e-11,1.7068222291879454e-15,0.6311432963329726,0.6311432963329728,False,False,2,2
57,12788.588565388858,12788.588565388858,12788.588565388836,12788.588565388854,2.1827872842550278e-11,1.7068242309104707e-15,0.6311427304775994,0.6311427304775995,False,False,2,2
58,12787.839727207165,12787.839727207165,12787.839727207138,12787.839727207167,2.7284841053187847e-11,2.133655225216589e-15,0.6311144769819432,0.6311144769819431,False,False,2,2
59,12787.824645661016,12787.824645661016,12787.824645660998,12787.82464566102,1.8189894035458565e-11,1.4224384943869637e-15,0.6311139079363782,0.6311139079363786,False,False,2,2
60,12127.532463344824,12127.532463344824,12127.532463344793,12127.532463344818,3.092281986027956e-11,2.5498030991665487e-15,0.6053396720999278,0.6053396720999273,False,False,1,1
61,12127.513541672946,12127.513541672946,12127.513541672928,12127.513541672954,1.8189894035458565e-11,1.4998865161398398e-15,0.6053389082771088,0.6053389082771088,False,False,1,1
62,12126.731804858558,12126.731804858558,12126.73180485854,12126.731804858558,1.8189894035458565e-11,1.4999832047222162e-15,0.6053073501319368,0.6053073501319368,False,False,1,1
63,12126.71279059101,12126.71279059101,12126.71279059098,12126.712790591006,2.9103830456733704e-11,2.3999768906306633e-15,0.6053065825083856,0.6053065825083852,False,False,1,1
64,12789.158175782371,12789.158175782371,12789.158175782337,12789.15817578237,3.456079866737127e-11,2.7023513348060558e-15,0.6311642203001675,0.6311642203001673,False,False,2,2
65,12789.056467180952,12789.056467180952,12789.056467180924,12789.05646718095,2.7284841053187847e-11,2.1334522310700338e-15,0.631160383208147,0.6311603832081469,False,False,2,2
66,12788.39452997104,12788.39452997104,12788.394529971027,12788.394529971041,1.2732925824820995e-11,9.956625747649522e-16,0.6311354097727807,0.6311354097727813,False,False,2,2
67,12788.292872226655,12788.292872226655,12788.292872226626,12788.292872226659,2.9103830456733704e-11,2.2758182618683053e-15,0.631131574299846,0.631131574299846,False,False,2,2
68,12128.08109114852,12128.08109114852,12128.081091148502,12128.081091148528,1.8189894035458565e-11,1.4998163269813688e-15,0.6053618182546228,0.6053618182546229,False,False,1,1
69,12127.984785838547,12127.984785838547,12127.984785838515,12127.984785838547,3.2741809263825417e-11,2.6996908259694522e-15,0.6053579308414418,0.6053579308414412,False,False,1,1
70,12127.280640060058,12127.280640060058,12127.280640060035,12127.28064006006,2.3646862246096134e-11,1.9498899174464086e-15,0.6053295064727248,0.6053295064727247,False,False,1,1
71,12127.18439116929,12127.18439116929,12127.184391169261,12127.184391169292,2.9103830456733704e-11,2.3998835606001323e-15,0.605325621018842,0.6053256210188416,False,False,1,1
72,12789.157230777295,12789.157230777295,12789.157230777264,12789.15723077729,3.092281986027956e-11,2.417893478224143e-15,0.6311641846487801,0.6311641846487799,False,False,2,2
73,12789.055519807353,12789.055519807353,12789.055519807327,12789.055519807356,2.546585164964199e-11,1.9912222298355927e-15,0.6311603474670326,0.6311603474670326,False,False,2,2
74,12788.393585460515,12788.393585460515,12788.39358546049,12788.393585460513,2.546585164964199e-11,1.991325296602916e-15,0.6311353741372675,0.6311353741372676,False,False,2,2
75,12788.291925347654,12788.291925347654,12788.291925347634,12788.29192534766,2.000888343900442e-11,1.5646251708834426e-15,0.6311315385746008,0.631131538574601,False,False,2,2
76,12128.080125496563,12128.080125496563,12128.08012549654,12128.080125496568,2.1827872842550278e-11,1.7997797356782037e-15,0.6053617792757768,0.6053617792757767,False,False,1,1
77,12127.98381772063,12127.98381772063,12127.9838177206,12127.983817720631,2.9103830456733704e-11,2.3997253701978937e-15,0.6053578917626716,0.6053578917626712,False,False,1,1
78,12127.279674965279,12127.279674965279,12127.279674965263,12127.27967496528,1.6370904631912708e-11,1.3499238964289475e-15,0.6053294675131798,0.60532946751318,False,False,1,1
79,12127.183423608627,12127.183423608627,12127.183423608596,12127.183423608627,3.092281986027956e-11,2.549876486578118e-15,0.6053255819593681,0.6053255819593677,False,False,1,1
80,12789.151081634012,12789.151081634012,12789.151081633992,12789.151081634016,2.000888343900442e-11,1.5645200616746468e-15,0.6311639526652972,0.6311639526652976,False,False,2,2
81,12789.049369125003,12789.049369125003,12789.049369124978,12789.049369125007,2.546585164964199e-11,1.9912231874810806e-15,0.6311601154230726,0.6311601154230726,False,False,2,2
82,12788.38744634209,12788.38744634209,12788.387446342073,12788.387446342103,1.8189894035458565e-11,1.4223758946763446e-15,0.6311351425138929,0.6311351425138932,False,False,2,2
83,12788.285784692132,12788.285784692132,12788.285784692114,12788.285784692132,1.8189894035458565e-11,1.4223872019838875e-15,0.6311313068908239,0.6311313068908242,False,False,2,2
84,12128.067268444296,12128.067268444296,12128.067268444276,12128.067268444298,2.000888343900442e-11,1.6497998400013016e-15,0.6053612602964382,0.6053612602964381,False,False,1,1
85,12127.970957534344,12127.970957534344,12127.970957534324,12127.970957534346,2.000888343900442e-11,1.6498129414281094e-15,0.6053573726517134,0.6053573726517134,False,False,1,1
86,12127.266832532585,12127.266832532585,12127.266832532563,12127.266832532592,2.1827872842550278e-11,1.799900434613582e-15,0.6053289490815215,0.6053289490815215,False,False,1,1
87,12127.170578043777,12127.170578043777,12127.17057804374,12127.170578043773,3.637978807091713e-11,2.9998578676532084e-15,0.6053250633961635,0.6053250633961629,False,False,1,1
88,12789.15013667506,12789.15013667506,12789.150136675024,12789.15013667506,3.637978807091713e-11,2.8445821404967254e-15,0.6311639170156241,0.6311639170156238,False,False,2,2
89,12789.048421797546,12789.048421797546,12789.048421797524,12789.048421797546,2.1827872842550278e-11,1.7067628585522466e-15,0.6311600796836729,0.6311600796836732,False,False,2,2
90,12788.38650187762,12788.38650187762,12788.386501877598,12788.386501877623,2.1827872842550278e-11,1.706851199668188e-15,0.6311351068800914,0.6311351068800916,False,False,2,2
91,12788.284837859228,12788.284837859228,12788.284837859199,12788.284837859224,2.9103830456733704e-11,2.2758196916738146e-15,0.6311312711672921,0.631131271167292,False,False,2,2
92,12128.066302859443,12128.066302859443,12128.06630285942,12128.066302859446,2.1827872842550278e-11,1.799781786928713e-15,0.6053612213202457,0.6053612213202456,False,False,1,1
93,12127.96998948356,12127.96998948356,12127.96998948353,12127.96998948356,2.9103830456733704e-11,2.399728106350057e-15,0.6053573335755978,0.6053573335755975,False,False,1,1
94,12127.265867504833,12127.265867504833,12127.26586750481,12127.265867504837,2.3646862246096134e-11,1.9498922926608055e-15,0.6053289101246273,0.6053289101246273,False,False,1,1
95,12127.169610550156,12127.169610550156,12127.169610550134,12127.169610550158,2.1827872842550278e-11,1.7999148641873447e-15,0.6053250243393411,0.6053250243393409,False,False,1,1
96,12789.159334261483,12789.159334261483,12789.159334261461,12789.159334261483,2.1827872842550278e-11,1.7067480568542577e-15,0.6311642640051001,0.6311642640051003,False,False,2,2
97,12789.057623048415,12789.057623048415,12789.057623048398,12789.05762304842,1.6370904631912708e-11,1.2800712229499299e-15,0.631160426815006,0.6311604268150062,False,False,2,2
98,12788.395649528597,12788.395649528597,12788.395649528567,12788.395649528593,2.9103830456733704e-11,2.2757999716568454e-15,0.6311354520126531,0.631135452012653,False,False,2,2
99,12788.293989216016,12788.293989216016,12788.293989215988,12788.293989216018,2.7284841053187847e-11,2.1335794341447213e-15,0.6311316164432608,0.6311316164432608,False,False,2,2
100,12128.082444039477,12128.082444039477,12128.082444039454,12128.082444039483,2.3646862246096134e-11,1.9497610075793746e-15,0.6053618728644867,0.6053618728644865,False,False,1,1
101,12127.98613576141,12127.98613576141,12127.986135761383,12127.986135761415,2.7284841053187847e-11,2.2497421045637494e-15,0.6053579853320344,0.6053579853320341,False,False,1,1
102,12127.281947135241,12127.281947135241,12127.281947135209,12127.281947135241,3.2741809263825417e-11,2.6998472870138743e-15,0.6053295592375407,0.6053295592375403,False,False,1,1
103,12127.18569532599,12127.18569532599,12127.185695325963,12127.185695325996,2.7284841053187847e-11,2.249890596109521e-15,0.605325673666361,0.6053256736663608,False,False,1,1
104,12789.158389284632,12789.158389284632,12789.158389284614,12789.158389284636,1.8189894035458565e-11,1.4222901524699957e-15,0.6311642283547818,0.6311642283547821,False,False,2,2
105,12789.056675703034,12789.056675703034,12789.05667570301,12789.056675703032,2.3646862246096134e-11,1.84899190344672e-15,0.6311603910749604,0.6311603910749604,False,False,2,2
106,12788.39470504594,12788.39470504594,12788.394705045914,12788.394705045936,2.546585164964199e-11,1.9913251222683865e-15,0.6311354163781953,0.6311354163781953,False,False,2,2
107,12788.293042364858,12788.293042364858,12788.293042364843,12788.293042364861,1.4551915228366852e-11,1.1379091157951646e-15,0.6311315807190703,0.6311315807190707,False,False,2,2
108,12128.081478417924,12128.081478417924,12128.081478417898,12128.081478417927,2.546585164964199e-11,2.0997427907257055e-15,0.6053618338868734,0.6053618338868731,False,False,1,1
109,12127.985167673865,12127.985167673865,12127.985167673834,12127.985167673867,3.092281986027956e-11,2.5497079220299313e-15,0.6053579462544957,0.6053579462544951,False,False,1,1
110,12127.280982070466,12127.280982070466,12127.280982070439,12127.280982070468,2.7284841053187847e-11,2.2498729182186033e-15,0.6053295202792123,0.6053295202792119,False,False,1,1
111,12127.184727795306,12127.184727795306,12127.184727795277,12127.18472779531,2.9103830456733704e-11,2.3998834939842394e-15,0.6053256346081026,0.6053256346081023,False,False,1,1
112,12789.152240039755,12789.152240039755,12789.152240039737,12789.152240039755,1.8189894035458565e-11,1.4222908363316208e-15,0.6311639963674938,0.631163996367494,False,False,2,2
113,12789.050524919203,12789.050524919203,12789.050524919181,12789.050524919203,2.1827872842550278e-11,1.7067625778801261e-15,0.6311601590271991,0.6311601590271994,False,False,2,2
114,12788.388565827187,12788.388565827187,12788.388565827154,12788.388565827187,3.2741809263825417e-11,2.560276386292896e-15,0.6311351847510619,0.6311351847510617,False,False,2,2
115,12788.28690160912,12788.28690160912,12788.286901609088,12788.28690160912,3.2741809263825417e-11,2.560296739957061e-15,0.6311313490315387,0.6311313490315384,False,False,2,2
116,12128.068621232525,12128.068621232525,12128.068621232498,12128.06862123253,2.7284841053187847e-11,2.249726803608323e-15,0.6053613149022326,0.6053613149022323,False,False,1,1
117,12127.972307354603,12127.972307354603,12127.97230735458,12127.972307354605,2.3646862246096134e-11,1.949778713771987e-15,0.6053574271382415,0.6053574271382414,False,False,1,1
118,12127.268139506137,12127.268139506137,12127.268139506112,12127.268139506137,2.546585164964199e-11,2.0998836140749374e-15,0.6053290018423092,0.605329001842309,False,False,1,1
119,12127.17188209897,12127.17188209897,12127.171882098937,12127.171882098972,3.2741809263825417e-11,2.6998717905661007e-15,0.6053251160396593,0.6053251160396589,False,False,1,1
120,12789.151295109026,12789.151295109026,12789.151295109008,12789.15129510903,1.8189894035458565e-11,1.4222909414180559e-15,0.6311639607188895,0.6311639607188898,False,False,2,2
121,12789.049577619964,12789.049577619964,12789.049577619935,12789.049577619964,2.9103830456733704e-11,2.2756836057359245e-15,0.6311601232888684,0.6311601232888683,False,False,2,2
122,12788.387621390579,12788.387621390579,12788.38762139056,12788.387621390582,1.8189894035458565e-11,1.4223758752067478e-15,0.6311351491183157,0.6311351491183161,False,False,2,2
123,12788.285954804047,12788.285954804047,12788.285954804021,12788.285954804047,2.546585164964199e-11,1.9913420562882775e-15,0.631131313309061,0.631131313309061,False,False,2,2
124,12128.067655678084,12128.067655678084,12128.06765567806,12128.067655678082,2.3646862246096134e-11,1.9497633850207965e-15,0.6053612759272732,0.6053612759272731,False,False,1,1
125,12127.971339334199,12127.971339334199,12127.971339334168,12127.971339334203,3.092281986027956e-11,2.5497108292125267e-15,0.6053573880633576,0.6053573880633571,False,False,1,1
126,12127.2671745084,12127.2671745084,12127.267174508372,12127.267174508397,2.9103830456733704e-11,2.3998671784777822e-15,0.6053289628866321,0.6053289628866316,False,False,1,1
127,12127.170914635339,12127.170914635339,12127.170914635319,12127.170914635339,2.000888343900442e-11,1.6499217814154212e-15,0.6053250769840526,0.6053250769840526,False,False,1,1
128,12818.241848755153,12818.241848755153,12818.241848755124,12818.241848755155,2.9103830456733704e-11,2.270500962623055e-15,0.6322598043859232,0.6322598043859231,False,False,2,2
129,12818.228960668845,12818.228960668845,12818.228960668815,12818.228960668846,2.9103830456733704e-11,2.270503245497894e-15,0.6322593196122195,0.6322593196122193,False,False,2,2
130,12814.1223902311,12814.1223902311,12814.122390231072,12814.122390231103,2.7284841053187847e-11,2.129278948825131e-15,0.6321048221344022,0.6321048221344022,False,False,2,2
131,12814.109280265846,12814.109280265846,12814.109280265806,12814.109280265846,4.001776687800884e-11,3.122945653322743e-15,0.6321043288070944,0.6321043288070939,False,False,2,2
132,12165.5654345189,12165.5654345189,12165.565434518872,12165.565434518894,2.7284841053187847e-11,2.2427926757739603e-15,0.6068719886349034,0.6068719886349031,False,False,2,2
133,12165.549523912801,12165.549523912801,12165.549523912778,12165.5495239128,2.3646862246096134e-11,1.9437561944584156e-15,0.6068713488554393,0.6068713488554391,False,False,2,2
134,12158.934595710456,12158.934595710456,12158.934595710434,12158.93459571046,2.1827872842550278e-11,1.7952126208698353e-15,0.6066052665523745,0.6066052665523745,False,False,1,1
135,12158.918231758558,12158.918231758558,12158.918231758526,12158.91823175856,3.2741809263825417e-11,2.6928225554067183e-15,0.6066046080970284,0.6066046080970279,False,False,1,1
136,12818.24087568156,12818.24087568156,12818.240875681533,12818.240875681564,2.7284841053187847e-11,2.1285948140475306e-15,0.6322597677846629,0.6322597677846629,False,False,2,2
137,12818.227989414121,12818.227989414121,12818.227989414105,12818.227989414125,1.6370904631912708e-11,1.277158172364585e-15,0.6322592830793261,0.6322592830793266,False,False,2,2
138,12814.121420902611,12814.121420902611,12814.121420902591,12814.121420902611,2.000888343900442e-11,1.561471347256441e-15,0.6321047856586445,0.6321047856586448,False,False,2,2
139,12814.108312771099,12814.108312771099,12814.108312771068,12814.108312771095,3.092281986027956e-11,2.4131854597686307e-15,0.6321042924002914,0.6321042924002913,False,False,2,2
140,12165.564437916326,12165.564437916326,12165.564437916291,12165.56443791632,3.456079866737127e-11,2.8408709553710377e-15,0.606871948560668,0.6068719485606674,False,False,2,2
141,12165.548529167916,12165.548529167916,12165.548529167887,12165.54852916792,2.9103830456733704e-11,2.3923155118698384e-15,0.606871308855838,0.6068713088558376,False,False,2,2
142,12158.933602968242,12158.933602968242,12158.933602968218,12158.933602968247,2.3646862246096134e-11,1.944813831397472e-15,0.606605226606284,0.6066052266062838,False,False,1,1
143,12158.917240898829,12158.917240898829,12158.9172408988,12158.917240898832,2.9103830456733704e-11,2.3936202443123338e-15,0.6066045682266188,0.6066045682266183,False,False,1,1
144,12818.234615609339,12818.234615609339,12818.234615609315,12818.234615609335,2.3646862246096134e-11,1.844783073115255e-15,0.6322595323177675,0.6322595323177677,False,False,2,2
145,12818.221729967288,12818.221729967288,12818.22172996726,12818.221729967285,2.9103830456733704e-11,2.270504526278621e-15,0.6322590476356438,0.6322590476356437,False,False,2,2
146,12814.11513357388,12814.11513357388,12814.115133573852,12814.11513357388,2.7284841053187847e-11,2.1292801546397573e-15,0.6321045490668518,0.6321045490668518,False,False,2,2
147,12814.102026067098,12814.102026067098,12814.102026067078,12814.102026067098,2.000888343900442e-11,1.5614737106276612e-15,0.63210405583169,0.6321040558316904,False,False,2,2
148,12165.551459268334,12165.551459268334,12165.551459268316,12165.551459268336,1.8189894035458565e-11,1.4951968347970433e-15,0.606871426677843,0.606871426677843,False,False,2,2
149,12165.535552096426,12165.535552096426,12165.535552096397,12165.535552096426,2.9103830456733704e-11,2.3923180637714207e-15,0.6068707870355564,0.6068707870355561,False,False,2,2
150,12158.920555352348,12158.920555352348,12158.920555352326,12158.920555352352,2.1827872842550278e-11,1.7952146938686644e-15,0.6066047015942386,0.6066047015942386,False,False,1,1
151,12158.904194865838,12158.904194865838,12158.904194865812,12158.90419486584,2.546585164964199e-11,2.0944199610023312e-15,0.606604043277388,0.6066040432773878,False,False,1,1
152,12818.233642581286,12818.233642581286,12818.23364258126,12818.233642581286,2.7284841053187847e-11,2.1285960151755612e-15,0.6322594957181931,0.6322594957181931,False,False,2,2
153,12818.220758758107,12818.220758758107,12818.220758758078,12818.2207587581,2.9103830456733704e-11,2.2705046983098948e-15,0.6322590111044364,0.6322590111044364,False,False,2,2
154,12814.114164291415,12814.114164291415,12814.114164291397,12814.114164291417,1.8189894035458565e-11,1.4195202104682057e-15,0.6321045125927989,0.6321045125927991,False,False,2,2
155,12814.10105861837,12814.10105861837,12814.10105861835,12814.10105861837,2.000888343900442e-11,1.5614738285169886e-15,0.6321040194265918,0.632104019426592,False,False,2,2
156,12165.550462731102,12165.550462731102,12165.550462731078,12165.550462731102,2.3646862246096134e-11,1.943756044458307e-15,0.6068713866061777,0.6068713866061776,False,False,2,2
157,12165.534557416873,12165.534557416873,12165.534557416842,12165.534557416875,3.092281986027956e-11,2.5418381505831215e-15,0.6068707470385251,0.6068707470385246,False,False,2,2
158,12158.919562676485,12158.919562676485,12158.91956267646,12158.919562676489,2.546585164964199e-11,2.0944173138387237e-15,0.6066046616507607,0.6066046616507604,False,False,1,1
159,12158.90320407246,12158.90320407246,12158.903204072429,12158.90320407246,3.092281986027956e-11,2.5432244455998616e-15,0.606604003409591,0.6066040034095906,False,False,1,1
160,12818.242643152491,12818.242643152491,12818.24264315247,12818.24264315249,2.1827872842550278e-11,1.7028756164333287e-15,0.6322598342664394,0.6322598342664394,False,False,2,2
161,12818.229756795152,12818.229756795152,12818.229756795123,12818.229756795152,2.9103830456733704e-11,2.270503104479407e-15,0.6322593495578086,0.6322593495578085,False,False,2,2
162,12814.123415412512,12814.123415412512,12814.123415412487,12814.123415412507,2.546585164964199e-11,1.9873268599093008e-15,0.6321048607118973,0.6321048607118973,False,False,2,2
163,12814.110307434523,12814.110307434523,12814.110307434496,12814.110307434526,2.7284841053187847e-11,2.1292809565840603e-15,0.632104367459422,0.632104367459422,False,False,2,2
164,12165.566282409774,12165.566282409774,12165.566282409742,12165.566282409773,3.2741809263825417e-11,2.6913510233524345e-15,0.6068720227293118,0.6068720227293114,False,False,2,2
165,12165.550373667234,12165.550373667234,12165.550373667214,12165.550373667242,2.000888343900442e-11,1.6447166650441364e-15,0.6068713830248387,0.6068713830248387,False,False,2,2
166,12158.935766623517,12158.935766623517,12158.93576662349,12158.935766623521,2.7284841053187847e-11,2.244015559987182e-15,0.6066053136677216,0.6066053136677214,False,False,1,1
167,12158.9194049009,12158.9194049009,12158.91940490087,12158.919404900902,3.092281986027956e-11,2.54322105694816e-15,0.6066046553021566,0.6066046553021561,False,False,1,1
168,12818.241670102087,12818.241670102087,12818.24167010205,12818.241670102081,3.637978807091713e-11,2.838126242834942e-15,0.6322597976660542,0.6322597976660538,False,False,2,2
169,12818.228785563644,12818.228785563644,12818.228785563619,12818.228785563646,2.546585164964199e-11,1.9866903669501173e-15,0.6322593130257914,0.6322593130257914,False,False,2,2
170,12814.122446110063,12814.122446110063,12814.122446110036,12814.122446110063,2.7284841053187847e-11,2.129278939539914e-15,0.6321048242371232,0.6321048242371232,False,False,2,2
171,12814.109339965844,12814.109339965844,12814.109339965811,12814.109339965844,3.2741809263825417e-11,2.5551373408144098e-15,0.6321043310536038,0.6321043310536034,False,False,2,2
172,12165.565285830855,12165.565285830855,12165.565285830822,12165.565285830857,3.2741809263825417e-11,2.691351243822559e-15,0.6068719826560312,0.6068719826560307,False,False,2,2
173,12165.549378946058,12165.549378946058,12165.549378946022,12165.549378946056,3.637978807091713e-11,2.9903941809546815e-15,0.6068713430261943,0.6068713430261936,False,False,2,2
174,12158.934773908808,12158.934773908808,12158.934773908784,12158.934773908812,2.3646862246096134e-11,1.944813644106278e-15,0.6066052737227426,0.6066052737227425,False,False,1,1
175,12158.918414068705,12158.918414068705,12158.918414068678,12158.918414068701,2.7284841053187847e-11,2.244018762525572e-15,0.6066046154328597,0.6066046154328594,False,False,1,1
176,12818.235409944458,12818.235409944458,12818.235409944431,12818.235409944456,2.7284841053187847e-11,2.1285957216872547e-15,0.6322595621959655,0.6322595621959655,False,False,2,2
177,12818.222526031306,12818.222526031306,12818.222526031279,12818.222526031306,2.7284841053187847e-11,2.1285978611915704e-15,0.6322590775789121,0.6322590775789121,False,False,2,2
178,12814.116158686353,12814.116158686353,12814.116158686335,12814.116158686353,1.8189894035458565e-11,1.4195199895334267e-15,0.6321045876417813,0.6321045876417817,False,False,2,2
179,12814.103053166778,12814.103053166778,12814.103053166758,12814.103053166786,2.000888343900442e-11,1.5614735854695332e-15,0.63210409448145,0.6321040944814502,False,False,2,2
180,12165.552307074611,12165.552307074611,12165.552307074578,12165.55230707461,3.2741809263825417e-11,2.691354115076644e-15,0.6068714607688985,0.6068714607688981,False,False,2,2
181,12165.536401766158,12165.536401766158,12165.536401766138,12165.536401766161,2.000888343900442e-11,1.644718553971824e-15,0.6068708212015987,0.6068708212015987,False,False,2,2
182,12158.921726170583,12158.921726170583,12158.921726170556,12158.921726170583,2.7284841053187847e-11,2.2440181512527203e-15,0.6066047487058379,0.6066047487058375,False,False,1,1
183,12158.905367913258,12158.905367913258,12158.905367913227,12158.905367913256,3.092281986027956e-11,2.5432239929988543e-15,0.6066040904787646,0.6066040904787641,False,False,1,1
184,12818.234436939585,12818.234436939585,12818.234436939558,12818.23443693958,2.7284841053187847e-11,2.128595883264422e-15,0.6322595255972658,0.6322595255972658,False,False,2,2
185,12818.22155484533,12818.22155484533,12818.221554845304,12818.221554845337,2.546585164964199e-11,1.9866914876358818e-15,0.6322590410485806,0.6322590410485806,False,False,2,2
186,12814.115189429926,12814.115189429926,12814.11518942991,12814.115189429936,1.6370904631912708e-11,1.2775680872150032e-15,0.632104551168712,0.6321045511687124,False,False,2,2
187,12814.102085744116,12814.102085744116,12814.102085744089,12814.102085744122,2.7284841053187847e-11,2.1292823227577253e-15,0.6321040580773363,0.6321040580773363,False,False,2,2
188,12165.55131056103,12165.55131056103,12165.551310561004,12165.551310561032,2.546585164964199e-11,2.093275594303305e-15,0.6068714206981878,0.6068714206981876,False,False,2,2
189,12165.53540711031,12165.53540711031,12165.535407110285,12165.535407110312,2.546585164964199e-11,2.0932783307472133e-15,0.6068707812055241,0.6068707812055238,False,False,2,2
190,12158.920733522235,12158.920733522235,12158.920733522204,12158.920733522233,3.092281986027956e-11,2.5432207790470345e-15,0.6066047087634716,0.6066047087634712,False,False,1,1
191,12158.904377147415,12158.904377147415,12158.904377147384,12158.904377147417,3.092281986027956e-11,2.5432242002329427e-15,0.6066040506120803,0.6066040506120799,False,False,1,1
192,12818.765716846869,12818.765716846869,12818.765716846852,12818.765716846872,1.6370904631912708e-11,1.2771045975508777e-15,0.6322795086692267,0.632279508669227,False,False,2,2
193,12818.666918977777,12818.666918977777,12818.666918977744,12818.666918977768,3.2741809263825417e-11,2.55422888126938e-15,0.6322757926595801,0.6322757926595799,False,False,2,2
194,12814.651951039681,12814.651951039681,12814.651951039657,12814.65195103968,2.3646862246096134e-11,1.845298829530646e-15,0.6321247489269307,0.6321247489269308,False,False,2,2
195,12814.552207073451,12814.552207073451,12814.552207073428,12814.552207073448,2.3646862246096134e-11,1.8453131926875606e-15,0.6321209957533601,0.6321209957533602,False,False,2,2
196,12166.067933869665,12166.067933869665,12166.067933869635,12166.06793386967,2.9103830456733704e-11,2.3922133769868437e-15,0.6068921940400274,0.606892194040027,False,False,2,2
197,12165.97555078842,12165.97555078842,12165.975550788393,12165.975550788426,2.7284841053187847e-11,2.2427170710054273e-15,0.6068884794114826,0.6068884794114824,False,False,2,2
198,12159.446050910658,12159.446050910658,12159.446050910625,12159.446050910654,3.2741809263825417e-11,2.6927056649404914e-15,0.6066258460140125,0.6066258460140119,False,False,2,2
199,12159.35225964963,12159.35225964963,12159.3522596496,12159.352259649626,2.9103830456733704e-11,2.3935346090197346e-15,0.6066220722085476,0.6066220722085472,False,False,2,2
200,12818.764746853154,12818.764746853154,12818.764746853132,12818.764746853152,2.1827872842550278e-11,1.7028062589188827e-15,0.6322794721857681,0.6322794721857683,False,False,2,2
201,12818.665946669174,12818.665946669174,12818.665946669153,12818.665946669173,2.1827872842550278e-11,1.702819383340126e-15,0.6322757560886842,0.6322757560886845,False,False,2,2
202,12814.650984799431,12814.650984799431,12814.650984799404,12814.650984799426,2.7284841053187847e-11,2.12919111769433e-15,0.6321247125693525,0.6321247125693525,False,False,2,2
203,12814.551238503114,12814.551238503114,12814.551238503092,12814.551238503118,2.1827872842550278e-11,1.7033661527658789e-15,0.6321209593077339,0.632120959307734,False,False,2,2
204,12166.066940533945,12166.066940533945,12166.066940533918,12166.06694053395,2.7284841053187847e-11,2.2427002240372654e-15,0.6068921540992078,0.6068921540992076,False,False,2,2
205,12165.974555069091,12165.974555069091,12165.97455506906,12165.974555069091,3.092281986027956e-11,2.5417462218343385e-15,0.6068884393744428,0.6068884393744424,False,False,2,2
206,12159.445061455797,12159.445061455797,12159.44506145578,12159.445061455808,1.6370904631912708e-11,1.3463529420274951e-15,0.6066258062022816,0.6066258062022818,False,False,2,2
207,12159.351267784583,12159.351267784583,12159.351267784548,12159.351267784576,3.456079866737127e-11,2.842322580065425e-15,0.6066220322994575,0.6066220322994571,False,False,2,2
208,12818.758492149529,12818.758492149529,12818.758492149502,12818.758492149535,2.7284841053187847e-11,2.1285088622191956e-15,0.6322792369334138,0.6322792369334137,False,False,2,2
209,12818.659690419685,12818.659690419685,12818.659690419656,12818.659690419685,2.9103830456733704e-11,2.270426952553012e-15,0.6322755207758087,0.6322755207758086,False,False,2,2
210,12814.644702900587,12814.644702900587,12814.644702900563,12814.644702900589,2.3646862246096134e-11,1.8452998732570152e-15,0.63212447619469,0.6321244761946903,False,False,2,2
211,12814.544955046635,12814.544955046635,12814.54495504661,12814.544955046633,2.546585164964199e-11,1.9872614859892477e-15,0.6321207228720487,0.6321207228720487,False,False,2,2
212,12166.053970477717,12166.053970477717,12166.053970477687,12166.053970477722,2.9103830456733704e-11,2.3922161226111102e-15,0.6068916325886708,0.6068916325886705,False,False,2,2
213,12165.961581952917,12165.961581952917,12165.961581952888,12165.961581952915,2.9103830456733704e-11,2.3922342891421385e-15,0.6068879177359396,0.6068879177359393,False,False,2,2
214,12159.432022612551,12159.432022612551,12159.43202261253,12159.432022612553,2.1827872842550278e-11,1.7951391810043102e-15,0.6066252815706782,0.6066252815706781,False,False,2,2
215,12159.338225839008,12159.338225839008,12159.338225838988,12159.338225839008,2.000888343900442e-11,1.6455569429333631e-15,0.6066215075379943,0.6066215075379943,False,False,1,1
216,12818.757522201242,12818.757522201242,12818.757522201215,12818.757522201238,2.7284841053187847e-11,2.1285090232756413e-15,0.6322792004516369,0.6322792004516369,False,False,2,2
217,12818.65871815654,12818.65871815654,12818.658718156514,12818.658718156545,2.546585164964199e-11,1.986623734164307e-15,0.6322754842065955,0.6322754842065955,False,False,2,2
218,12814.643736706243,12814.643736706243,12814.64373670622,12814.64373670624,2.1827872842550278e-11,1.7033538575892326e-15,0.6321244398388123,0.6321244398388125,False,False,2,2
219,12814.543986522225,12814.543986522225,12814.5439865222,12814.543986522225,2.546585164964199e-11,1.987261636186653e-15,0.6321206864281235,0.6321206864281236,False,False,2,2
220,12166.052977207179,12166.052977207179,12166.052977207157,12166.052977207175,2.1827872842550278e-11,1.7941622384387357e-15,0.6068915926504151,0.606891592650415,False,False,2,2
221,12165.960586298788,12165.960586298788,12165.960586298763,12165.960586298786,2.546585164964199e-11,2.0932051743058774e-15,0.6068878777014642,0.606887877701464,False,False,2,2
222,12159.431033223906,12159.431033223906,12159.431033223878,12159.43103322391,2.7284841053187847e-11,2.243924158839005e-15,0.6066252417615545,0.6066252417615542,False,False,2,2
223,12159.337234040186,12159.337234040186,12159.337234040158,12159.337234040184,2.7284841053187847e-11,2.243941468849442e-15,0.6066214676315116,0.6066214676315114,False,False,1,1
224,12818.766514211424,12818.766514211424,12818.766514211396,12818.766514211418,2.7284841053187847e-11,2.1285075301854296e-15,0.6322795386597448,0.6322795386597448,False,False,2,2
225,12818.667714214336,12818.667714214336,12818.667714214314,12818.667714214342,2.1827872842550278e-11,1.7028191485411417e-15,0.6322758225703622,0.6322758225703624,False,False,2,2
226,12814.652979520315,12814.652979520315,12814.652979520284,12814.652979520311,3.092281986027956e-11,2.4130828911012057e-15,0.6321247876264791,0.6321247876264788,False,False,2,2
227,12814.553233134346,12814.553233134346,12814.553233134324,12814.553233134347,2.1827872842550278e-11,1.7033658876308198e-15,0.6321210343622526,0.6321210343622528,False,False,2,2
228,12166.0687850152,12166.0687850152,12166.068785015172,12166.0687850152,2.9103830456733704e-11,2.392213209626148e-15,0.6068922282635496,0.6068922282635492,False,False,2,2
229,12165.976399637835,12165.976399637835,12165.976399637799,12165.976399637831,3.637978807091713e-11,2.9902892193675557e-15,0.6068885135430031,0.6068885135430024,False,False,2,2
230,12159.447225533891,12159.447225533891,12159.447225533859,12159.447225533893,3.2741809263825417e-11,2.6927054048205554e-15,0.6066258932761774,0.606625893276177,False,False,2,2
231,12159.353431568577,12159.353431568577,12159.353431568545,12159.353431568574,3.2741809263825417e-11,2.692726175622125e-15,0.6066221193623553,0.6066221193623548,False,False,2,2
232,12818.765544240916,12818.765544240916,12818.765544240892,12818.765544240916,2.3646862246096134e-11,1.8447066657459817e-15,0.6322795021771621,0.6322795021771621,False,False,2,2
233,12818.66674192893,12818.66674192893,12818.666741928899,12818.666741928926,3.092281986027956e-11,2.4123273100729937e-15,0.6322757860003417,0.6322757860003416,False,False,2,2
234,12814.652013306119,12814.652013306119,12814.652013306099,12814.65201330612,2.000888343900442e-11,1.5614066943236662e-15,0.6321247512698851,0.6321247512698853,False,False,2,2
235,12814.55226459004,12814.55226459004,12814.552264590015,12814.552264590046,2.546585164964199e-11,1.987260352436253e-15,0.6321209979176097,0.6321209979176099,False,False,2,2
236,12166.067791703172,12166.067791703172,12166.067791703143,12166.067791703172,2.9103830456733704e-11,2.392213404941035e-15,0.6068921883236861,0.6068921883236857,False,False,2,2
237,12165.975403942157,12165.975403942157,12165.975403942139,12165.97540394215,1.8189894035458565e-11,1.4951447320503763e-15,0.6068884735069178,0.6068884735069178,False,False,2,2
238,12159.446236106573,12159.446236106573,12159.44623610654,12159.446236106569,3.2741809263825417e-11,2.6927056239289126e-15,0.6066258534655595,0.6066258534655591,False,False,2,2
239,12159.352439731028,12159.352439731028,12159.352439730996,12159.352439731023,3.2741809263825417e-11,2.6927263952676153e-15,0.6066220794543764,0.606622079454376,False,False,2,2
240,12818.759289451611,12818.759289451611,12818.75928945158,12818.759289451613,3.092281986027956e-11,2.4123098938073937e-15,0.6322792669216042,0.6322792669216041,False,False,2,2
241,12818.660485593886,12818.660485593886,12818.660485593853,12818.66048559388,3.2741809263825417e-11,2.5542301631767177e-15,0.6322755506842674,0.6322755506842672,False,False,2,2
242,12814.645731312048,12814.645731312048,12814.645731312019,12814.64573131205,2.9103830456733704e-11,2.2711381232818412e-15,0.6321245148916643,0.6321245148916641,False,False,2,2
243,12814.545981038447,12814.545981038447,12814.545981038424,12814.545981038447,2.3646862246096134e-11,1.8453140892456242e-15,0.6321207614783704,0.6321207614783705,False,False,2,2
244,12166.054821538271,12166.054821538271,12166.054821538246,12166.054821538279,2.546585164964199e-11,2.0931889608583976e-15,0.6068916668088249,0.6068916668088247,False,False,2,2
245,12165.962430717478,12165.962430717478,12165.962430717449,12165.96243071748,2.9103830456733704e-11,2.392234122246696e-15,0.6068879518640969,0.6068879518640966,False,False,2,2
246,12159.433197140595,12159.433197140595,12159.433197140563,12159.433197140586,3.2741809263825417e-11,2.6927085114070086e-15,0.6066253288290808,0.6066253288290804,False,False,2,2
247,12159.339397662887,12159.339397662887,12159.339397662869,12159.339397662883,1.8189894035458565e-11,1.4959607130429136e-15,0.6066215546880444,0.6066215546880445,False,False,1,1
248,12818.758319526532,12818.758319526532,12818.758319526516,12818.75831952654,1.6370904631912708e-11,1.2771053345295752e-15,0.6322792304407032,0.6322792304407037,False,False,2,2
249,12818.65951335392,12818.65951335392,12818.65951335389,12818.659513353929,2.9103830456733704e-11,2.2704269839147067e-15,0.6322755141159291,0.6322755141159291,False,False,2,2
250,12814.644765143761,12814.644765143761,12814.64476514374,12814.644765143768,2.1827872842550278e-11,1.7033537208868077e-15,0.6321244785367708,0.632124478536771,False,False,2,2
251,12814.545012540077,12814.545012540077,12814.545012540053,12814.545012540078,2.3646862246096134e-11,1.845314228710871e-15,0.6321207250354288,0.632120725035429,False,False,2,2
252,12166.053828291437,12166.053828291437,12166.053828291413,12166.053828291431,2.3646862246096134e-11,1.9436756223375207e-15,0.6068916268715258,0.6068916268715256,False,False,2,2
253,12165.961435087022,12165.961435087022,12165.961435086987,12165.961435087016,3.456079866737127e-11,2.8407782526497928e-15,0.6068879118305769,0.6068879118305763,False,False,2,2
254,12159.432207779471,12159.432207779471,12159.432207779437,12159.432207779473,3.456079866737127e-11,2.842303659973502e-15,0.6066252890210693,0.6066252890210688,False,False,2,2
255,12159.338405891565,12159.338405891565,12159.338405891538,12159.338405891562,2.7284841053187847e-11,2.2439412525904797e-15,0.606621514782673,0.6066215147826728,False,False,1,1
256,3229.005342831123,3229.005342831123,3229.005342831193,3229.005342831122,7.003109203651547e-11,2.1688131359706016e-14,0.019359812968497203,0.019359812968497647,False,False,0,0
257,3228.9986944088114,3228.9986944088114,3228.998694408881,3228.9986944088114,6.957634468562901e-11,2.1547343703205198e-14,0.019359146103900438,0.01935914610390077,False,False,0,0
258,3037.8443605432694,3037.8443605432694,3037.844360543339,3037.844360543272,6.957634468562901e-11,2.2903195960040826e-14,0.0,0.0,True,True,0,0
259,3037.8380928381966,3037.8380928381966,3037.838092838266,3037.8380928381976,6.957634468562901e-11,2.2903243214197605e-14,0.0,0.0,True,True,0,0
260,3228.9032425973237,3228.9032425973237,3228.9032425973905,3228.9032425973223,6.684786058031023e-11,2.070296182877767e-14,0.01934957183752961,0.019349571837529722,False,False,0,0
261,3228.896545124697,3228.896545124697,3228.896545124764,3228.8965451246963,6.730260793119669e-11,2.0843841538625737e-14,0.019348900045963457,0.01934890004596368,False,False,0,0
262,3037.7507545453736,3037.7507545453736,3037.75075454544,3037.7507545453755,6.639311322942376e-11,2.1856010777078592e-14,0.0,0.0,True,True,0,0
263,3037.744437609821,3037.744437609821,3037.744437609886,3037.744437609822,6.502887117676437e-11,2.1406959180519293e-14,0.0,0.0,True,True,0,0
264,3229.0053409464626,3229.0053409464626,3229.005340946532,3229.005340946461,6.957634468562901e-11,2.1547299350466172e-14,0.019359812779457863,0.019359812779458307,False,False,0,0
265,3228.9986924747186,3228.9986924747186,3228.9986924747886,3228.9986924747177,7.003109203651547e-11,2.1688176027981547e-14,0.01935914590990273,0.019359145909903175,False,False,0,0
266,3037.844388370321,3037.844388370321,3037.8443883703867,3037.8443883703217,6.548361852765083e-11,2.155594894140667e-14,0.0,0.0,True,True,0,0
267,3037.838120683232,3037.838120683232,3037.8381206833,3037.8381206832332,6.821210263296962e-11,2.245415980810284e-14,0.0,0.0,True,True,0,0
268,3228.903240666934,3228.903240666934,3228.9032406670012,3228.903240666932,6.730260793119669e-11,2.0843798316264766e-14,0.019349571643901498,0.01934957164390161,False,False,0,0
269,3228.8965431447423,3228.8965431447423,3228.896543144812,3228.8965431447427,6.957634468562901e-11,2.154802538760332e-14,0.019348899847363654,0.019348899847363987,False,False,0,0
270,3037.75078223009,3037.75078223009,3037.750782230154,3037.7507822300895,6.411937647499144e-11,2.110751706495107e-14,0.0,0.0,True,True,0,0
271,3037.744465312766,3037.744465312766,3037.744465312833,3037.7444653127673,6.730260793119669e-11,2.2155454054712838e-14,0.0,0.0,True,True,0,0
272,3229.005095774797,3229.005095774797,3229.005095774866,3229.0050957747976,6.866684998385608e-11,2.1265636921324854e-14,0.019359788187721327,0.01935978818772155,False,False,0,0
273,3228.9984470002987,3228.9984470002987,3228.998447000368,3228.9984470002996,6.912159733474255e-11,2.140651303160403e-14,0.019359121287781833,0.019359121287782166,False,False,0,0
274,3037.8442496931193,3037.8442496931193,3037.844249693187,3037.8442496931198,6.775735528208315e-11,2.230442040895495e-14,0.0,0.0,True,True,0,0
275,3037.8379817111154,3037.8379817111154,3037.83798171118,3037.8379817111154,6.45741238258779e-11,2.1256605590764267e-14,0.0,0.0,True,True,0,0
276,3228.9030210894934,3228.9030210894934,3228.903021089562,3228.9030210894925,6.866684998385608e-11,2.1266309187782642e-14,0.019349549619142037,0.01934954961914226,False,False,0,0
277,3228.896323286591,3228.896323286591,3228.8963232866604,3228.896323286591,6.957634468562901e-11,2.1548026854825728e-14,0.019348877794432284,0.019348877794432617,False,False,0,0
278,3037.750660868026,3037.750660868026,3037.75066086809,3037.7506608680255,6.411937647499144e-11,2.110751790822365e-14,0.0,0.0,True,True,0,0
279,3037.744343678578,3037.744343678578,3037.744343678642,3037.7443436785775,6.411937647499144e-11,2.1107561802697417e-14,0.0,0.0,True,True,0,0
280,3229.005093886836,3229.005093886836,3229.005093886903,3229.0050938868353,6.684786058031023e-11,2.0702308803063037e-14,0.01935978799835103,0.01935978799835103,False,False,0,0
281,3228.998445062898,3228.998445062898,3228.9984450629686,3228.9984450629,7.048583938740194e-11,2.1829010012430465e-14,0.01935912109345239,0.019359121093452836,False,False,0,0
282,3037.844277515811,3037.844277515811,3037.844277515879,3037.8442775158132,6.821210263296962e-11,2.2454114300008935e-14,0.0,0.0,True,True,0,0
283,3037.838009551784,3037.838009551784,3037.8380095518514,3037.838009551783,6.730260793119669e-11,2.215477182113648e-14,0.0,0.0,True,True,0,0
284,3228.9030191559045,3228.9030191559045,3228.9030191559723,3228.903019155904,6.775735528208315e-11,2.0984636230974435e-14,0.019349549425192958,0.01934954942519318,False,False,0,0
285,3228.8963213034303,3228.8963213034303,3228.8963213035004,3228.8963213034313,7.003109203651547e-11,2.1688863644975765e-14,0.01934887759551085,0.019348877595511182,False,False,0,0
286,3037.7506885486596,3037.7506885486596,3037.7506885487223,3037.750688548659,6.275513442233205e-11,2.065842159427282e-14,0.0,0.0,True,True,0,0
287,3037.7443713774383,3037.7443713774383,3037.7443713775037,3037.7443713774364,6.548361852765083e-11,2.1556658665770635e-14,0.0,0.0,True,True,0,0
288,3229.0050607086164,3229.0050607086164,3229.005060708686,3229.005060708616,6.957634468562901e-11,2.1547301220506212e-14,0.01935978467043764,0.019359784670437974,False,False,0,0
289,3228.99841223778,3228.99841223778,3228.9984122378473,3228.9984122377796,6.730260793119669e-11,2.084318396569072e-14,0.01935911780095434,0.01935911780095456,False,False,0,0
290,3037.8484498064454,3037.8484498064454,3037.8484498065113,3037.8484498064463,6.59383658785373e-11,2.170561401202785e-14,0.0,0.0,True,True,0,0
291,3037.8421861990273,3037.8421861990273,3037.842186199094,3037.8421861990278,6.684786058031023e-11,2.2005047162752498e-14,0.0,0.0,True,True,0,0
292,3228.9029606614013,3228.9029606614013,3228.9029606614736,3228.9029606614026,7.23048287909478e-11,2.2393001484360314e-14,0.01934954355788998,0.019349543557890536,False,False,0,0
293,3228.8962631446484,3228.8962631446484,3228.8962631447203,3228.896263144649,7.185008144006133e-11,2.225221115344361e-14,0.019348871761878383,0.01934887176187894,False,False,0,0
294,3037.7548541895235,3037.7548541895235,3037.754854189592,3037.7548541895235,6.866684998385608e-11,2.2604473790619594e-14,0.0,0.0,True,True,0,0
295,3037.7485413735376,3037.7485413735376,3037.748541373602,3037.7485413735367,6.45741238258779e-11,2.1257231448353828e-14,0.0,0.0,True,True,0,0
296,3229.0050588208424,3229.0050588208424,3229.00505882091,3229.0050588208414,6.775735528208315e-11,2.0983973096290268e-14,0.019359784481086106,0.019359784481086217,False,False,0,0
297,3228.99841030057,3228.99841030057,3228.998410300642,3228.9984103005704,7.185008144006133e-11,2.2251507219965337e-14,0.019359117606643994,0.01935911760664466,False,False,0,0
298,3037.848477682587,3037.848477682587,3037.848477682654,3037.848477682588,6.684786058031023e-11,2.2005001589580078e-14,0.0,0.0,True,True,0,0
299,3037.8422140932007,3037.8422140932007,3037.842214093269,3037.8422140932007,6.821210263296962e-11,2.2454129551731664e-14,0.0,0.0,True,True,0,0
300,3228.90295872794,3228.90295872794,3228.9029587280093,3228.902958727941,6.912159733474255e-11,2.140714608591775e-14,0.01934954336395378,0.019349543363954003,False,False,0,0
301,3228.8962611616234,3228.8962611616234,3228.8962611616935,3228.8962611616216,7.003109203651547e-11,2.1688864048955127e-14,0.019348871562970493,0.019348871562970937,False,False,0,0
302,3037.754881923228,3037.754881923228,3037.7548819232943,3037.7548819232284,6.639311322942376e-11,2.1855981081458514e-14,0.0,0.0,True,True,0,0
303,3037.7485691255224,3037.7485691255224,3037.748569125588,3037.7485691255233,6.548361852765083e-11,2.15566288774519e-14,0.0,0.0,True,True,0,0
304,3229.0048136972437,3229.0048136972437,3229.0048136973146,3229.0048136972455,7.09405867382884e-11,2.1969799003507567e-14,0.019359759894170048,0.019359759894170603,False,False,0,0
305,3228.9981648743114,3228.9981648743114,3228.9981648743815,3228.9981648743105,7.003109203651547e-11,2.168817957170933e-14,0.019359092989353233,0.019359092989353677,False,False,0,0
306,3037.8483390413103,3037.8483390413103,3037.8483390413767,3037.8483390413103,6.639311322942376e-11,2.1855308698647798e-14,0.0,0.0,True,True,0,0
307,3037.842075157072,3037.842075157072,3037.842075157139,3037.842075157074,6.684786058031023e-11,2.2005047967100917e-14,0.0,0.0,True,True,0,0
308,3228.902739195685,3228.902739195685,3228.9027391957543,3228.902739195686,6.912159733474255e-11,2.1407147541384028e-14,0.019349521343725917,0.01934952134372625,False,False,0,0
309,3228.896041348743,3228.896041348743,3228.8960413488144,3228.896041348744,7.139533408917487e-11,2.2111375892842534e-14,0.01934884951457938,0.019348849514579936,False,False,0,0
310,3037.7547605922946,3037.7547605922946,3037.7547605923587,3037.754760592294,6.411937647499144e-11,2.110748942172285e-14,0.0,0.0,True,True,0,0
311,3037.748447522516,3037.748447522516,3037.748447522582,3037.7484475225147,6.59383658785373e-11,2.1706328558018998e-14,0.0,0.0,True,True,0,0
312,3229.0048118061713,3229.0048118061713,3229.004811806238,3229.0048118061713,6.684786058031023e-11,2.0702310611583425e-14,0.019359759704487667,0.019359759704487667,False,False,0,0
313,3228.998162933797,3228.998162933797,3228.9981629338668,3228.998162933798,6.957634468562901e-11,2.15473472497773e-14,0.019359092794711485,0.01935909279471182,False,False,0,0
314,3037.8483669130937,3037.8483669130937,3037.84836691316,3037.8483669130937,6.639311322942376e-11,2.185530849812876e-14,0.0,0.0,True,True,0,0
315,3037.842103046879,3037.842103046879,3037.842103046945,3037.8421030468785,6.59383658785373e-11,2.1705659360110042e-14,0.0,0.0,True,True,0,0
316,3228.9027372590253,3228.9027372590253,3228.9027372590945,3228.902737259024,6.912159733474255e-11,2.1407147554223796e-14,0.019349521149468862,0.019349521149469195,False,False,0,0
317,3228.896039362512,3228.896039362512,3228.896039362582,3228.8960393625125,7.003109203651547e-11,2.1688865538805128e-14,0.01934884931534997,0.019348849315350414,False,False,0,0
318,3037.754788321914,3037.754788321914,3037.7547883219804,3037.754788321915,6.639311322942376e-11,2.185598175489949e-14,0.0,0.0,True,True,0,0
319,3037.7484752704117,3037.7484752704117,3037.7484752704777,3037.748475270412,6.59383658785373e-11,2.1706328359745524e-14,0.0,0.0,True,True,0,0
320,3229.029410680616,3229.029410680616,3229.0294106806864,3229.029410680617,7.048583938740194e-11,2.1828800677459103e-14,0.019362227070788274,0.019362227070788718,False,False,0,0
321,3229.0325078328465,3229.0325078328465,3229.032507832916,3229.0325078328456,6.957634468562901e-11,2.1547118066124216e-14,0.019362537727206197,0.01936253772720653,False,False,0,0
322,3037.874747109458,3037.874747109458,3037.8747471095203,3037.8747471094557,6.230038707144558e-11,2.050788536647971e-14,0.0,0.0,True,True,0,0
323,3037.8763039256874,3037.8763039256874,3037.8763039257537,3037.8763039256855,6.639311322942376e-11,2.185510751166069e-14,1.5724040303144449e-07,1.5724040280939988e-07,False,False,0,0
324,3228.9274071933605,3228.9274071933605,3228.9274071934283,3228.927407193359,6.775735528208315e-11,2.0984477734350056e-14,0.019351995669189548,0.01935199566918977,False,False,0,0
325,3228.9305310844334,3228.9305310844334,3228.9305310845048,3228.930531084433,7.139533408917487e-11,2.211113971076833e-14,0.019352309010886026,0.01935230901088658,False,False,0,0
326,3037.7812602672016,3037.7812602672016,3037.7812602672675,3037.781260267203,6.59383658785373e-11,2.1706094096036383e-14,0.0,0.0,True,True,0,0
327,3037.782840035192,3037.782840035192,3037.7828400352582,3037.782840035194,6.639311322942376e-11,2.1855779930817293e-14,0.0,0.0,True,True,0,0
328,3229.029408069402,3229.029408069402,3229.029408069472,3229.029408069403,7.003109203651547e-11,2.1687969722884842e-14,0.01936222680887334,0.019362226808873784,False,False,0,0
329,3229.0325054285604,3229.0325054285604,3229.0325054286295,3229.0325054285618,6.912159733474255e-11,2.140628724502951e-14,0.019362537486046882,0.019362537486047215,False,False,0,0
330,3037.874774046029,3037.874774046029,3037.874774046095,3037.87477404603,6.59383658785373e-11,2.1705425925346845e-14,7.576547167431613e-10,7.576546057208589e-10,False,False,0,0
331,3037.876331043385,3037.876331043385,3037.8763310434524,3037.8763310433856,6.730260793119669e-11,2.215449234830423e-14,1.6001411884403183e-07,1.6001411884403183e-07,False,False,0,0
332,3228.92740453786,3228.92740453786,3228.927404537928,3228.9274045378606,6.775735528208315e-11,2.0984477751607887e-14,0.019351995402829725,0.019351995402829947,False,False,0,0
333,3228.9305286357167,3228.9305286357167,3228.930528635786,3228.930528635716,6.912159733474255e-11,2.1406963303092876e-14,0.019352308765267723,0.019352308765268056,False,False,0,0
334,3037.781287063637,3037.781287063637,3037.7812870637053,3037.781287063638,6.821210263296962e-11,2.2454579901274882e-14,0.0,0.0,True,True,0,0
335,3037.7828670121507,3037.7828670121507,3037.782867012216,3037.7828670121526,6.502887117676437e-11,2.1406688372274263e-14,0.0,0.0,True,True,0,0
336,3229.029162424734,3229.029162424734,3229.029162424804,3229.029162424735,7.003109203651547e-11,2.1687971372772118e-14,0.019362202169753262,0.019362202169753706,False,False,0,0
337,3229.0322601286607,3229.0322601286607,3229.032260128731,3229.032260128661,7.048583938740194e-11,2.1828781414711507e-14,0.019362512881516247,0.01936251288151669,False,False,0,0
338,3037.8746352825383,3037.8746352825383,3037.874635282606,3037.8746352825397,6.775735528208315e-11,2.230419731450829e-14,0.0,0.0,True,True,0,0
339,3037.876192545926,3037.876192545926,3037.876192545991,3037.876192545925,6.502887117676437e-11,2.1406030744875355e-14,1.4584799723493802e-07,1.458479969018711e-07,False,False,0,0
340,3228.927184504494,3228.927184504494,3228.9271845045632,3228.927184504494,6.912159733474255e-11,2.1406985473829556e-14,0.019351973332393024,0.019351973332393357,False,False,0,0
341,3228.930308922021,3228.930308922021,3228.930308922089,3228.9303089220193,6.775735528208315e-11,2.0984458876321347e-14,0.0193522867269027,0.019352286726902812,False,False,0,0
342,3037.781165645596,3037.781165645596,3037.7811656456624,3037.7811656455965,6.639311322942376e-11,2.1855791977468626e-14,0.0,0.0,True,True,0,0
343,3037.782745831345,3037.782745831345,3037.782745831412,3037.782745831345,6.684786058031023e-11,2.2005477736036917e-14,0.0,0.0,True,True,0,0
344,3229.0291598102867,3229.0291598102867,3229.0291598103554,3229.029159810285,6.866684998385608e-11,2.1265478441169903e-14,0.01936220190751403,0.019362201907514254,False,False,0,0
345,3229.0322577211296,3229.0322577211296,3229.0322577211996,3229.0322577211277,7.003109203651547e-11,2.168795058304496e-14,0.019362512640031526,0.01936251264003197,False,False,0,0
346,3037.874662214798,3037.874662214798,3037.8746622148637,3037.874662214798,6.59383658785373e-11,2.170542672437405e-14,0.0,0.0,True,True,0,0
347,3037.8762196593034,3037.8762196593034,3037.8762196593716,3037.876219659305,6.821210263296962e-11,2.2453878203312065e-14,1.4862127117876156e-07,1.4862127128978386e-07,False,False,0,0
348,3228.9271818458537,3228.9271818458537,3228.9271818459247,3228.9271818458556,7.09405867382884e-11,2.197032721491503e-14,0.01935197306571823,0.019351973065718786,False,False,0,0
349,3228.9303064701544,3228.9303064701544,3228.9303064702235,3228.930306470153,6.912159733474255e-11,2.140696477599244e-14,0.019352286480968317,0.01935228648096865,False,False,0,0
350,3037.7811924379876,3037.7811924379876,3037.781192438055,3037.781192437989,6.730260793119669e-11,2.2155186192716248e-14,0.0,0.0,True,True,0,0
351,3037.7827728042566,3037.7827728042566,3037.782772804324,3037.7827728042585,6.730260793119669e-11,2.2155174666773953e-14,0.0,0.0,True,True,0,0
352,3229.0291274072706,3229.0291274072706,3229.029127407341,3229.029127407271,7.048583938740194e-11,2.1828802592436378e-14,0.019362198657364882,0.019362198657365326,False,False,0,0
353,3229.0322246708693,3229.0322246708693,3229.0322246709384,3229.0322246708693,6.912159733474255e-11,2.1406289106262028e-14,0.019362509324962307,0.01936250932496264,False,False,0,0
354,3037.87884230068,3037.87884230068,3037.8788423007472,3037.878842300681,6.730260793119669e-11,2.2154474034331417e-14,4.168763881873261e-07,4.168763880763038e-07,False,False,0,0
355,3037.880393986895,3037.880393986895,3037.8803939869586,3037.880393986893,6.366462912410498e-11,2.095692419297344e-14,5.755895396974964e-07,5.755895392534072e-07,False,False,0,0
356,3228.9271241109154,3228.9271241109154,3228.9271241109836,3228.927124110915,6.821210263296962e-11,2.1125315007457893e-14,0.019351967274617854,0.019351967274618076,False,False,0,0
357,3228.9302481079585,3228.9302481079585,3228.9302481080276,3228.9302481079594,6.912159733474255e-11,2.1406965162918565e-14,0.019352280626952822,0.019352280626953045,False,False,0,0
358,3037.7853658528365,3037.7853658528365,3037.785365852904,3037.7853658528365,6.730260793119669e-11,2.2155155755153382e-14,0.0,0.0,True,True,0,0
359,3037.786940469854,3037.786940469854,3037.7869404699195,3037.786940469855,6.548361852765083e-11,2.155635658816845e-14,0.0,0.0,True,True,0,0
360,3229.0291247928863,3229.0291247928863,3229.029124792955,3229.0291247928867,6.866684998385608e-11,2.1265478671784664e-14,0.01936219839513187,0.01936219839513209,False,False,0,0
361,3229.032222263426,3229.032222263426,3229.032222263493,3229.032222263424,6.730260793119669e-11,2.0842965724268547e-14,0.019362509083486357,0.01936250908348658,False,False,0,0
362,3037.8788692858684,3037.8788692858684,3037.8788692859343,3037.8788692858675,6.59383658785373e-11,2.1705396665152873e-14,4.19636549731095e-07,4.196365495090504e-07,False,False,0,0
363,3037.880421153267,3037.880421153267,3037.8804211533325,3037.8804211532665,6.548361852765083e-11,2.1555693262867125e-14,5.7836823297297e-07,5.783682327509254e-07,False,False,0,0
364,3228.9271214522832,3228.9271214522832,3228.9271214523537,3228.9271214522832,7.048583938740194e-11,2.1829492192347096e-14,0.019351967007943838,0.019351967007944282,False,False,0,0
365,3228.9302456561218,3228.9302456561218,3228.9302456561923,3228.930245656121,7.048583938740194e-11,2.182947107086781e-14,0.019352280381021436,0.01935228038102188,False,False,0,0
366,3037.7853926977837,3037.7853926977837,3037.785392697848,3037.7853926977823,6.411937647499144e-11,2.1107276580208722e-14,0.0,0.0,True,True,0,0
367,3037.7869674953827,3037.7869674953827,3037.786967495448,3037.786967495383,6.548361852765083e-11,2.1556356396393342e-14,0.0,0.0,True,True,0,0
368,3229.0288791967005,3229.0288791967005,3229.0288791967714,3229.028879196702,7.09405867382884e-11,2.1969635265676235e-14,0.019362173760874013,0.019362173760874568,False,False,0,0
369,3229.0319770118595,3229.0319770118595,3229.0319770119286,3229.0319770118585,6.912159733474255e-11,2.1406290748073072e-14,0.019362484483803066,0.0193624844838034,False,False,0,0
370,3037.8787305589813,3037.8787305589813,3037.878730559046,3037.8787305589804,6.45741238258779e-11,2.1256320463455317e-14,4.0544696477962106e-07,4.0544696444655415e-07,False,False,0,0
371,3037.88028269222,3037.88028269222,3037.880282692287,3037.8802826922197,6.684786058031023e-11,2.2004771208780836e-14,5.642058416022167e-07,5.642058416022167e-07,False,False,0,0
372,3228.926901464516,3228.926901464516,3228.926901464583,3228.926901464515,6.684786058031023e-11,2.0702810134843638e-14,0.019351944942080368,0.01935194494208048,False,False,0,0
373,3228.9300259878755,3228.9300259878755,3228.9300259879437,3228.9300259878764,6.821210263296962e-11,2.1125296021891652e-14,0.019352258347214546,0.019352258347214768,False,False,0,0
374,3037.7852713115417,3037.7852713115417,3037.785271311607,3037.7852713115417,6.548361852765083e-11,2.1556368432643477e-14,0.0,0.0,True,True,0,0
375,3037.7868463461964,3037.7868463461964,3037.786846346262,3037.786846346194,6.548361852765083e-11,2.1556357256076778e-14,0.0,0.0,True,True,0,0
376,3229.0288765790797,3229.0288765790797,3229.0288765791506,3229.0288765790797,7.09405867382884e-11,2.196963528348598e-14,0.01936217349831637,0.019362173498316926,False,False,0,0
377,3229.0319746011683,3229.0319746011683,3229.0319746012383,3229.0319746011696,7.003109203651547e-11,2.1687952484633974e-14,0.019362484242001377,0.01936248424200182,False,False,0,0
378,3037.87875753985,3037.87875753985,3037.8787575399147,3037.8787575398487,6.45741238258779e-11,2.1256320274667665e-14,4.0820668456564846e-07,4.0820668423258155e-07,False,False,0,0
379,3037.880309854271,3037.880309854271,3037.880309854337,3037.880309854272,6.59383658785373e-11,2.170538637241405e-14,5.669840930089265e-07,5.669840928979042e-07,False,False,0,0
380,3228.9268988027443,3228.9268988027443,3228.9268988028143,3228.9268988027434,7.003109203651547e-11,2.168865825438192e-14,0.019351944675091493,0.019351944675091937,False,False,0,0
381,3228.9300235328924,3228.9300235328924,3228.9300235329606,3228.930023532892,6.821210263296962e-11,2.1125296037953397e-14,0.019352258100967634,0.019352258100967856,False,False,0,0
382,3037.7852981524425,3037.7852981524425,3037.7852981525098,3037.7852981524434,6.730260793119669e-11,2.2155156248905452e-14,0.0,0.0,True,True,0,0
383,3037.786873367677,3037.786873367677,3037.786873367743,3037.786873367676,6.59383658785373e-11,2.1706053988388226e-14,0.0,0.0,True,True,0,0
384,9834.849322292419,9834.849322292419,9834.849322292426,9834.849322292419,7.275957614183426e-12,7.398138370753866e-16,0.5010374256424313,0.5010374256424315,False,False,1,1
385,9834.844769239342,9834.844769239342,9834.844769239346,9834.84476923934,3.637978807091713e-12,3.699070897865411e-16,0.5010371932724543,0.5010371932724544,False,False,1,1
386,9321.635759732391,9321.635759732391,9321.635759732397,9321.635759732395,5.4569682106375694e-12,5.854088650632093e-16,0.4741453666651543,0.47414536666515417,False,False,1,1
387,9321.630893226908,9321.630893226908,9321.630893226906,9321.630893226902,1.8189894035458565e-12,1.9513639022840234e-16,0.47414510491179807,0.4741451049117976,False,False,0,0
388,9834.760860770719,9834.760860770719,9834.76086077072,9834.760860770719,1.8189894035458565e-12,1.8495512288473761e-16,0.5010329108938388,0.5010329108938388,False,False,1,1
389,9834.75629593821,9834.75629593821,9834.756295938221,9834.756295938214,1.0913936421275139e-11,1.1097312523933736e-15,0.5010326779205778,0.5010326779205783,False,False,1,1
390,9321.541818103255,9321.541818103255,9321.541818103256,9321.541818103251,1.8189894035458565e-12,1.9513825491971925e-16,0.4741403138302569,0.4741403138302567,False,False,0,0
391,9321.536938480356,9321.536938480356,9321.53693848036,9321.536938480356,3.637978807091713e-12,3.9027671414074697e-16,0.47414005136883586,0.47414005136883564,False,False,0,0
392,9834.849330320907,9834.849330320907,9834.849330320914,9834.849330320907,7.275957614183426e-12,7.39813836471454e-16,0.5010374260521737,0.5010374260521739,False,False,1,1
393,9834.844777253471,9834.844777253471,9834.84477725348,9834.844777253471,9.094947017729282e-12,9.24767723712786e-16,0.5010371936814642,0.5010371936814644,False,False,1,1
394,9321.635752911268,9321.635752911268,9321.63575291128,9321.635752911272,1.0913936421275139e-11,1.1708177309831658e-15,0.47414536629826853,0.47414536629826876,False,False,1,1
395,9321.630886378793,9321.630886378793,9321.6308863788,9321.630886378796,7.275957614183426e-12,7.805455614870348e-16,0.47414510454346026,0.47414510454346037,False,False,0,0
396,9834.760868783778,9834.760868783778,9834.76086878379,9834.760868783776,1.0913936421275139e-11,1.1097307364042504e-15,0.5010329113027976,0.501032911302798,False,False,1,1
397,9834.756303936934,9834.756303936934,9834.756303936934,9834.756303936934,0.0,0.0,0.501032678328805,0.5010326783288049,False,False,1,1
398,9321.541811282495,9321.541811282495,9321.541811282503,9321.541811282492,7.275957614183426e-12,7.805530202500228e-16,0.47414031346338725,0.47414031346338725,False,False,0,0
399,9321.536931632609,9321.536931632609,9321.536931632614,9321.536931632607,5.4569682106375694e-12,5.854150716411755e-16,0.4741400510005144,0.47414005100051426,False,False,0,0
400,9834.849089626345,9834.849089626345,9834.849089626357,9834.849089626348,1.2732925824820995e-11,1.2946742455104352e-15,0.5010374137680698,0.5010374137680702,False,False,1,1
401,9834.844536433342,9834.844536433342,9834.844536433347,9834.844536433342,5.4569682106375694e-12,5.54860647814222e-16,0.501037181390946,0.5010371813909462,False,False,1,1
402,9321.635413636759,9321.635413636759,9321.635413636768,9321.635413636764,9.094947017729282e-12,9.7568147799732e-16,0.47414534804981057,0.4741453480498107,False,False,0,0
403,9321.630546967564,9321.630546967564,9321.63054696757,9321.630546967566,5.4569682106375694e-12,5.854091924306936e-16,0.4741450862876395,0.4741450862876395,False,False,0,0
404,9834.760636407007,9834.760636407007,9834.76063640701,9834.760636407005,3.637978807091713e-12,3.699102542083624e-16,0.5010328994430936,0.5010328994430937,False,False,1,1
405,9834.756071436574,9834.756071436574,9834.756071436586,9834.756071436575,1.2732925824820995e-11,1.294686490679892e-15,0.501032666462788,0.5010326664627884,False,False,1,1
406,9321.541482678105,9321.541482678105,9321.541482678105,9321.541482678107,0.0,0.0,0.47414029578867,0.47414029578866956,False,False,0,0
407,9321.536602893844,9321.536602893844,9321.536602893855,9321.536602893844,1.0913936421275139e-11,1.170830184573531e-15,0.4741400333185607,0.4741400333185609,False,False,0,0
408,9834.84909765311,9834.84909765311,9834.849097653125,9834.849097653112,1.4551915228366852e-11,1.4796277079471766e-15,0.5010374141777243,0.501037414177725,False,False,1,1
409,9834.844544445747,9834.844544445747,9834.844544445757,9834.844544445743,1.0913936421275139e-11,1.1097212947243584e-15,0.5010371817998678,0.5010371817998682,False,False,1,1
410,9321.635406814203,9321.635406814203,9321.635406814208,9321.6354068142,5.4569682106375694e-12,5.854088872268563e-16,0.47414534768284766,0.47414534768284766,False,False,0,0
411,9321.630540118014,9321.630540118014,9321.63054011802,9321.630540118014,5.4569682106375694e-12,5.854091928608532e-16,0.47414508591922466,0.47414508591922455,False,False,0,0
412,9834.760644418348,9834.760644418348,9834.760644418364,9834.760644418353,1.6370904631912708e-11,1.664596142581658e-15,0.5010328998519646,0.5010328998519653,False,False,1,1
413,9834.75607943358,9834.75607943358,9834.75607943359,9834.756079433586,9.094947017729282e-12,9.24776064019382e-16,0.5010326668709276,0.501032666870928,False,False,1,1
414,9321.541475855909,9321.541475855909,9321.541475855916,9321.541475855915,7.275957614183426e-12,7.805530483374626e-16,0.474140295421723,0.474140295421723,False,False,0,0
415,9321.536596044663,9321.536596044663,9321.536596044665,9321.536596044665,1.8189894035458565e-12,1.9513836423897043e-16,0.47414003295016205,0.4741400329501617,False,False,0,0
416,9834.852949914639,9834.852949914639,9834.852949914644,9834.852949914633,5.4569682106375694e-12,5.548601731442187e-16,0.5010376107819683,0.5010376107819685,False,False,1,1
417,9834.848397972504,9834.848397972504,9834.848397972506,9834.848397972504,1.8189894035458565e-12,1.849534766515413e-16,0.5010373784687758,0.5010373784687758,False,False,1,1
418,9321.636263521003,9321.636263521003,9321.636263521004,9321.636263521004,1.8189894035458565e-12,1.9513627780824617e-16,0.4741453937622826,0.4741453937622824,False,False,1,1
419,9321.631397444655,9321.631397444655,9321.63139744466,9321.631397444658,5.4569682106375694e-12,5.854091390197523e-16,0.4741451320320217,0.4741451320320216,False,False,0,0
420,9834.764491142327,9834.764491142327,9834.76449114233,9834.76449114233,3.637978807091713e-12,3.699101092220616e-16,0.5010330961753703,0.5010330961753704,False,False,1,1
421,9834.75992742252,9834.75992742252,9834.759927422529,9834.759927422518,9.094947017729282e-12,9.247757021876655e-16,0.5010328632589841,0.5010328632589844,False,False,1,1
422,9321.54232304813,9321.54232304813,9321.54232304813,9321.542323048125,0.0,0.0,0.4741403409898378,0.4741403409898375,False,False,0,0
423,9321.537443855424,9321.537443855424,9321.537443855432,9321.537443855423,7.275957614183426e-12,7.805533859631267e-16,0.47414007855156926,0.47414007855156926,False,False,0,0
424,9834.852957953772,9834.852957953772,9834.852957953784,9834.852957953775,1.2732925824820995e-11,1.2946737362782267e-15,0.5010376111922539,0.5010376111922545,False,False,1,1
425,9834.84840599729,9834.84840599729,9834.848405997296,9834.848405997287,5.4569682106375694e-12,5.548604295018831e-16,0.5010373788783293,0.5010373788783294,False,False,1,1
426,9321.63625670245,9321.63625670245,9321.63625670245,9321.63625670245,0.0,0.0,0.4741453933955352,0.47414539339553485,False,False,1,1
427,9321.631390599121,9321.631390599121,9321.63139059912,9321.631390599121,1.8189894035458565e-12,1.9513637981655334e-16,0.47414513166382277,0.47414513166382233,False,False,0,0
428,9834.76449916602,9834.76449916602,9834.764499166027,9834.764499166022,7.275957614183426e-12,7.398202178405406e-16,0.5010330965848715,0.5010330965848718,False,False,1,1
429,9834.759935431885,9834.759935431885,9834.759935431892,9834.75993543188,7.275957614183426e-12,7.398205611476274e-16,0.5010328636677543,0.5010328636677546,False,False,1,1
430,9321.542316229932,9321.542316229932,9321.54231622993,9321.54231622993,1.8189894035458565e-12,1.9513824449187728e-16,0.47414034062310595,0.4741403406231055,False,False,0,0
431,9321.537437010236,9321.537437010236,9321.537437010244,9321.53743701024,7.275957614183426e-12,7.805533865363191e-16,0.47414007818338544,0.47414007818338544,False,False,0,0
432,9834.85271729679,9834.85271729679,9834.852717296799,9834.852717296792,9.094947017729282e-12,9.2476697711332e-16,0.5010375989100724,0.5010375989100728,False,False,1,1
433,9834.84816521474,9834.84816521474,9834.84816521475,9834.848165214738,9.094947017729282e-12,9.247674051438382e-16,0.5010373665897336,0.5010373665897339,False,False,1,1
434,9321.63591745086,9321.63591745086,9321.635917450862,9321.635917450856,1.8189894035458565e-12,1.9513628505277278e-16,0.4741453751483108,0.47414537514831057,False,False,1,1
435,9321.631051210816,9321.631051210816,9321.631051210821,9321.631051210818,5.4569682106375694e-12,5.854091607636352e-16,0.47414511340923593,0.4741451134092358,False,False,0,0
436,9834.764266826534,9834.764266826534,9834.764266826543,9834.764266826538,9.094947017729282e-12,9.2477529414785e-16,0.501033084727075,0.5010330847270753,False,False,1,1
437,9834.759702968822,9834.759702968822,9834.759702968833,9834.759702968824,1.0913936421275139e-11,1.1097308679520185e-15,0.5010328518036453,0.5010328518036458,False,False,1,1
438,9321.541987648243,9321.541987648243,9321.541987648245,9321.541987648245,1.8189894035458565e-12,1.9513825137044454e-16,0.4741403229496105,0.4741403229496103,False,False,0,0
439,9321.537108294186,9321.537108294186,9321.537108294195,9321.537108294186,9.094947017729282e-12,9.75691767577335e-16,0.47414006050265434,0.47414006050265445,False,False,0,0
440,9834.852725334204,9834.852725334204,9834.852725334209,9834.852725334204,5.4569682106375694e-12,5.548601858145395e-16,0.5010375993202703,0.5010375993202705,False,False,1,1
441,9834.848173237806,9834.848173237806,9834.848173237813,9834.848173237802,7.275957614183426e-12,7.398139235115459e-16,0.5010373669991994,0.5010373669991997,False,False,1,1
442,9321.63591063086,9321.63591063086,9321.63591063087,9321.635910630865,1.0913936421275139e-11,1.1708177111732424e-15,0.47414537478148555,0.47414537478148566,False,False,1,1
443,9321.63104436384,9321.63104436384,9321.631044363843,9321.631044363841,3.637978807091713e-12,3.9027277412908886e-16,0.4741451130409595,0.4741451130409593,False,False,0,0
444,9834.764274848523,9834.764274848523,9834.764274848534,9834.764274848527,1.0913936421275139e-11,1.1097303520722387e-15,0.5010330851364893,0.5010330851364897,False,False,1,1
445,9834.759710976476,9834.759710976476,9834.759710976485,9834.759710976477,9.094947017729282e-12,9.247757225403784e-16,0.5010328522123282,0.5010328522123284,False,False,1,1
446,9321.541980828611,9321.541980828611,9321.541980828619,9321.541980828617,7.275957614183426e-12,7.805530060528296e-16,0.4741403225828016,0.4741403225828016,False,False,0,0
447,9321.537101447566,9321.537101447566,9321.537101447571,9321.537101447573,5.4569682106375694e-12,5.854150609763854e-16,0.47414006013439347,0.47414006013439336,False,False,0,0
448,9834.868689433555,9834.868689433555,9834.868689433564,9834.868689433559,9.094947017729282e-12,9.247654752625988e-16,0.501038414064169,0.5010384140641693,False,False,1,1
449,9834.869372591234,9834.869372591234,9834.869372591244,9834.869372591242,9.094947017729282e-12,9.247654110257886e-16,0.5010384489297799,0.5010384489297803,False,False,1,1
450,9321.652417130083,9321.652417130083,9321.652417130086,9321.652417130086,3.637978807091713e-12,3.902718793082568e-16,0.47414626261091397,0.47414626261091386,False,False,1,1
451,9321.653875980288,9321.653875980288,9321.653875980295,9321.65387598029,7.275957614183426e-12,7.805436364604627e-16,0.47414634107751896,0.47414634107751896,False,False,1,1
452,9834.780252610948,9834.780252610948,9834.780252610955,9834.78025261095,7.275957614183426e-12,7.398190327894507e-16,0.5010339005850735,0.5010339005850738,False,False,1,1
453,9834.780940905752,9834.780940905752,9834.780940905763,9834.780940905759,1.0913936421275139e-11,1.1097284715189586e-15,0.5010339357131803,0.5010339357131808,False,False,1,1
454,9321.558499434046,9321.558499434046,9321.558499434053,9321.558499434046,7.275957614183426e-12,7.805516228455978e-16,0.4741412110719183,0.4741412110719183,False,False,0,0
455,9321.559964616821,9321.559964616821,9321.55996461683,9321.559964616827,9.094947017729282e-12,9.756893751960256e-16,0.4741412898798878,0.4741412898798879,False,False,0,0
456,9834.868697261823,9834.868697261823,9834.868697261834,9834.868697261823,1.0913936421275139e-11,1.1097185694318147e-15,0.5010384144636922,0.5010384144636927,False,False,1,1
457,9834.869380476575,9834.869380476575,9834.869380476579,9834.869380476573,3.637978807091713e-12,3.699061641137346e-16,0.501038449332216,0.501038449332216,False,False,1,1
458,9321.65241011055,9321.65241011055,9321.652410110553,9321.652410110548,3.637978807091713e-12,3.9027187960214524e-16,0.474146262233357,0.4741462622333569,False,False,1,1
459,9321.653869027912,9321.653869027912,9321.653869027921,9321.653869027916,9.094947017729282e-12,9.756795463032698e-16,0.4741463407035743,0.4741463407035743,False,False,1,1
460,9834.780260423917,9834.780260423917,9834.780260423919,9834.780260423919,1.8189894035458565e-12,1.8495475805043057e-16,0.5010339009838196,0.5010339009838196,False,False,1,1
461,9834.780948775757,9834.780948775757,9834.780948775766,9834.780948775757,9.094947017729282e-12,9.247737255257752e-16,0.5010339361148373,0.5010339361148376,False,False,1,1
462,9321.558492414993,9321.558492414993,9321.558492414995,9321.558492414995,1.8189894035458565e-12,1.951379058583367e-16,0.47414121069438364,0.4741412106943833,False,False,0,0
463,9321.559957664906,9321.559957664906,9321.55995766491,9321.559957664906,3.637978807091713e-12,3.9027575036947383e-16,0.47414128950596424,0.474141289505964,False,False,0,0
464,9834.868456278942,9834.868456278942,9834.86845627895,9834.868456278942,7.275957614183426e-12,7.398123977487652e-16,0.5010384021648979,0.5010384021648981,False,False,1,1
465,9834.869139642033,9834.869139642033,9834.869139642038,9834.869139642036,5.4569682106375694e-12,5.5485925975789725e-16,0.501038437040993,0.5010384370409933,False,False,1,1
466,9321.652070477587,9321.652070477587,9321.652070477596,9321.652070477587,9.094947017729282e-12,9.756797345541026e-16,0.4741462439656502,0.4741462439656503,False,False,1,1
467,9321.65352956375,9321.65352956375,9321.653529563753,9321.653529563751,3.637978807091713e-12,3.902718327337326e-16,0.47414632244494925,0.47414632244494914,False,False,1,1
468,9834.780027759778,9834.780027759778,9834.780027759796,9834.780027759778,1.8189894035458565e-11,1.8495476242595664e-15,0.501033889109473,0.5010338891094737,False,False,1,1
469,9834.78071625795,9834.78071625795,9834.780716257956,9834.780716257954,5.4569682106375694e-12,5.548642484337867e-16,0.5010339242479598,0.5010339242479599,False,False,1,1
470,9321.558163452833,9321.558163452833,9321.558163452839,9321.558163452835,5.4569682106375694e-12,5.854137382345346e-16,0.4741411930004531,0.474141193000453,False,False,0,0
471,9321.559628869287,9321.559628869287,9321.559628869287,9321.559628869285,0.0,0.0,0.4741412718209941,0.47414127182099375,False,False,0,0
472,9834.868464105479,9834.868464105479,9834.86846410549,9834.868464105484,1.0913936421275139e-11,1.1097185957400392e-15,0.5010384025643329,0.5010384025643333,False,False,1,1
473,9834.869147525658,9834.869147525658,9834.869147525655,9834.869147525658,3.637978807091713e-12,3.6990617287541514e-16,0.5010384374433415,0.5010384374433412,False,False,1,1
474,9321.652063456617,9321.652063456617,9321.65206345662,9321.652063456619,3.637978807091713e-12,3.9027189411559e-16,0.47414624358801594,0.4741462435880157,False,False,1,1
475,9321.653522609939,9321.653522609939,9321.653522609944,9321.653522609944,5.4569682106375694e-12,5.85407749537304e-16,0.47414632207092733,0.47414632207092733,False,False,1,1
476,9834.780035571042,9834.780035571042,9834.780035571048,9834.780035571046,5.4569682106375694e-12,5.548642868371703e-16,0.5010338895081319,0.5010338895081321,False,False,1,1
477,9834.780724126249,9834.780724126249,9834.780724126256,9834.78072412625,7.275957614183426e-12,7.398189973198246e-16,0.5010339246495297,0.5010339246495299,False,False,1,1
478,9321.558156432357,9321.558156432357,9321.558156432357,9321.558156432357,0.0,0.0,0.4741411926228418,0.4741411926228414,False,False,0,0
479,9321.559621915938,9321.559621915938,9321.559621915938,9321.559621915943,0.0,0.0,0.4741412714469935,0.47414127144699314,False,False,0,0
480,9834.87231883347,9834.87231883347,9834.872318833479,9834.872318833472,9.094947017729282e-12,9.24765133992918e-16,0.5010385992940657,0.501038599294066,False,False,1,1
481,9834.873000695148,9834.873000695148,9834.87300069516,9834.873000695146,1.0913936421275139e-11,1.1097180838536206e-15,0.5010386340935211,0.5010386340935216,False,False,1,1
482,9321.652921499921,9321.652921499921,9321.65292149992,9321.65292149992,1.8189894035458565e-12,1.9513592909584194e-16,0.4741462897392583,0.4741462897392579,False,False,1,1
483,9321.654379860956,9321.654379860956,9321.654379860965,9321.65437986096,9.094947017729282e-12,9.756794928353625e-16,0.4741463681795486,0.4741463681795486,False,False,1,1
484,9834.783884761813,9834.783884761813,9834.783884761824,9834.783884761817,1.0913936421275139e-11,1.1097281393427843e-15,0.5010340859570444,0.5010340859570448,False,False,1,1
485,9834.784571758963,9834.784571758963,9834.784571758964,9834.784571758966,1.8189894035458565e-12,1.849546769706749e-16,0.5010341210189105,0.5010341210189105,False,False,1,1
486,9321.559004961235,9321.559004961235,9321.559004961246,9321.559004961236,1.0913936421275139e-11,1.1708273707720325e-15,0.4741412382627739,0.4741412382627741,False,False,0,0
487,9321.560469653807,9321.560469653807,9321.560469653805,9321.560469653803,1.8189894035458565e-12,1.9513786446674328e-16,0.47414131704437257,0.4741413170443721,False,False,0,0
488,9834.872326672354,9834.872326672354,9834.872326672361,9834.872326672354,7.275957614183426e-12,7.398121066046674e-16,0.5010385996941306,0.5010385996941309,False,False,1,1
489,9834.873008591114,9834.873008591114,9834.873008591127,9834.873008591116,1.2732925824820995e-11,1.294671096789792e-15,0.5010386344964991,0.5010386344964997,False,False,1,1
490,9321.652914482936,9321.652914482936,9321.65291448294,9321.652914482938,3.637978807091713e-12,3.902718584854655e-16,0.47414628936183856,0.47414628936183834,False,False,1,1
491,9321.654372911147,9321.654372911147,9321.65437291115,9321.654372911144,3.637978807091713e-12,3.9027179742511447e-16,0.47414636780574193,0.4741463678057417,False,False,1,1
492,9834.783892585398,9834.783892585398,9834.783892585401,9834.7838925854,3.637978807091713e-12,3.6990937948666493e-16,0.5010340863563321,0.5010340863563321,False,False,1,1
493,9834.784579639581,9834.784579639581,9834.784579639592,9834.784579639581,1.0913936421275139e-11,1.1097280609348226e-15,0.5010341214211089,0.5010341214211094,False,False,1,1
494,9321.558997944736,9321.558997944736,9321.558997944734,9321.558997944738,1.8189894035458565e-12,1.9513789527555598e-16,0.47414123788537654,0.4741412378853761,False,False,0,0
495,9321.560462704436,9321.560462704436,9321.56046270444,9321.560462704434,3.637978807091713e-12,3.9027572922444317e-16,0.474141316670586,0.4741413166705858,False,False,0,0
496,9834.872085727093,9834.872085727093,9834.872085727106,9834.872085727096,1.2732925824820995e-11,1.2946712182764127e-15,0.5010385873972608,0.5010385873972614,False,False,1,1
497,9834.872767794188,9834.872767794188,9834.872767794192,9834.872767794188,3.637978807091713e-12,3.699060367110021e-16,0.5010386222072007,0.5010386222072007,False,False,1,1
498,9321.652574872936,9321.652574872936,9321.652574872942,9321.652574872936,5.4569682106375694e-12,5.854078090559978e-16,0.47414627109536767,0.47414627109536756,False,False,1,1
499,9321.65403346992,9321.65403346992,9321.65403346993,9321.65403346992,9.094947017729282e-12,9.75679529091442e-16,0.47414634954835144,0.47414634954835155,False,False,1,1
500,9834.783659958595,9834.783659958595,9834.783659958595,9834.783659958599,0.0,0.0,0.5010340744838954,0.5010340744838953,False,False,1,1
501,9834.784347159093,9834.784347159093,9834.7843471591,9834.784347159095,7.275957614183426e-12,7.398187247781571e-16,0.5010341095561405,0.5010341095561408,False,False,1,1
502,9321.558669005319,9321.558669005319,9321.55866900532,9321.558669005317,1.8189894035458565e-12,1.9513790216158733e-16,0.47414122019267024,0.4741412201926699,False,False,0,0
503,9321.560133931536,9321.560133931536,9321.560133931542,9321.560133931538,5.4569682106375694e-12,5.854136144842946e-16,0.47414129898683877,0.47414129898683877,False,False,0,0
504,9834.872093564263,9834.872093564263,9834.872093564267,9834.872093564263,3.637978807091713e-12,3.6990606206992053e-16,0.5010385877972382,0.5010385877972383,False,False,1,1
505,9834.872775688435,9834.872775688435,9834.87277568843,9834.872775688427,5.4569682106375694e-12,5.548590546211296e-16,0.5010386226100909,0.5010386226100906,False,False,1,1
506,9321.652567854528,9321.652567854528,9321.652567854528,9321.652567854526,0.0,0.0,0.4741462707178713,0.47414627071787085,False,False,1,1
507,9321.654026518674,9321.654026518674,9321.65402651868,9321.654026518676,5.4569682106375694e-12,5.854077178914096e-16,0.4741463491744675,0.4741463491744675,False,False,1,1
508,9834.783667780459,9834.783667780459,9834.783667780457,9834.78366778046,1.8189894035458565e-12,1.8495469397105418e-16,0.5010340748830953,0.501034074883095,False,False,1,1
509,9834.784355038002,9834.784355038002,9834.784355038008,9834.784355038002,5.4569682106375694e-12,5.5486404313910145e-16,0.5010341099582516,0.5010341099582518,False,False,1,1
510,9321.558661987387,9321.558661987387,9321.55866198739,9321.558661987385,3.637978807091713e-12,3.90275804617002e-16,0.47414121981519575,0.47414121981519564,False,False,0,0
511,9321.56012698075,9321.56012698075,9321.560126980752,9321.560126980748,1.8189894035458565e-12,1.9513787164027295e-16,0.47414129861297605,0.4741412986129757,False,False,0,0
512,12788.605033106736,12788.605033106736,12788.605033106709,12788.605033106727,2.7284841053187847e-11,2.1335275413193007e-15,0.6311433517765619,0.6311433517765619,False,False,2,2
513,12788.590032130098,12788.590032130098,12788.590032130081,12788.590032130109,1.6370904631912708e-11,1.2801180263643132e-15,0.6311427858152919,0.6311427858152923,False,False,2,2
514,12787.841229232887,12787.841229232887,12787.84122923287,12787.841229232892,1.6370904631912708e-11,1.2801929847618824e-15,0.6311145336552009,0.6311145336552012,False,False,2,2
515,12787.82614491564,12787.82614491564,12787.82614491561,12787.82614491564,2.9103830456733704e-11,2.27590132419068e-15,0.6311139645051662,0.6311139645051661,False,False,2,2
516,12127.540812091882,12127.540812091882,12127.540812091842,12127.540812091878,4.001776687800884e-11,3.2997429155718643e-15,0.6053400091184883,0.6053400091184875,False,False,1,1
517,12127.521886240691,12127.521886240691,12127.521886240662,12127.521886240684,2.9103830456733704e-11,2.399816774583893e-15,0.6053392451276126,0.6053392451276123,False,False,1,1
518,12126.740188599419,12126.740188599419,12126.740188599393,12126.74018859943,2.546585164964199e-11,2.09997503480638e-15,0.6053076885908282,0.6053076885908278,False,False,1,1
519,12126.72117019596,12126.72117019596,12126.721170195942,12126.721170195966,1.8189894035458565e-11,1.49998452014912e-15,0.6053069208009647,0.6053069208009647,False,False,1,1
520,12788.605023225908,12788.605023225908,12788.605023225879,12788.605023225908,2.9103830456733704e-11,2.2757627124989043e-15,0.6311433514037753,0.6311433514037752,False,False,2,2
521,12788.590022181928,12788.590022181928,12788.590022181901,12788.59002218193,2.7284841053187847e-11,2.1335300456001825e-15,0.6311427854399642,0.631142785439964,False,False,2,2
522,12787.841219054939,12787.841219054939,12787.841219054922,12787.841219054946,1.6370904631912708e-11,1.2801929857807984e-15,0.6311145332711745,0.6311145332711748,False,False,2,2
523,12787.826134670902,12787.826134670902,12787.82613467088,12787.82613467091,2.1827872842550278e-11,1.7069259945104833e-15,0.6311139641186192,0.6311139641186194,False,False,2,2
524,12127.54078973658,12127.54078973658,12127.540789736557,12127.540789736577,2.3646862246096134e-11,1.9498480900685357e-15,0.6053400082160596,0.6053400082160596,False,False,1,1
525,12127.521863830087,12127.521863830087,12127.521863830056,12127.521863830083,3.092281986027956e-11,2.5498053277072045e-15,0.6053392442229497,0.6053392442229493,False,False,1,1
526,12126.740165890968,12126.740165890968,12126.740165890944,12126.740165890973,2.3646862246096134e-11,1.949976821686009e-15,0.6053076876740686,0.6053076876740684,False,False,1,1
527,12126.721147432869,12126.721147432869,12126.721147432843,12126.72114743287,2.546585164964199e-11,2.0999783321506417e-15,0.6053069198819976,0.6053069198819974,False,False,1,1
528,12788.59793033722,12788.59793033722,12788.597930337193,12788.597930337226,2.7284841053187847e-11,2.1335287262775315e-15,0.6311430838012875,0.6311430838012875,False,False,2,2
529,12788.58293184098,12788.58293184098,12788.582931840952,12788.582931840978,2.7284841053187847e-11,2.1335312284877256e-15,0.6311425179331877,0.6311425179331877,False,False,2,2
530,12787.834136989452,12787.834136989452,12787.834136989426,12787.834136989455,2.546585164964199e-11,1.9914124140835342e-15,0.6311142660561521,0.6311142660561521,False,False,2,2
531,12787.819055151962,12787.819055151962,12787.819055151933,12787.819055151964,2.9103830456733704e-11,2.275902585985398e-15,0.631113696999269,0.631113696999269,False,False,2,2
532,12127.526977019152,12127.526977019152,12127.526977019119,12127.526977019146,3.2741809263825417e-11,2.6997927381129677e-15,0.6053394506301819,0.6053394506301814,False,False,1,1
533,12127.50805469432,12127.50805469432,12127.508054694288,12127.508054694325,3.2741809263825417e-11,2.6997969505492684e-15,0.6053386867805761,0.6053386867805756,False,False,1,1
534,12126.726368711117,12126.726368711117,12126.726368711088,12126.726368711119,2.9103830456733704e-11,2.3999742034112533e-15,0.6053071306697937,0.6053071306697934,False,False,1,1
535,12126.707353833788,12126.707353833788,12126.707353833763,12126.707353833788,2.546585164964199e-11,2.099980720784122e-15,0.6053063630211982,0.605306363021198,False,False,1,1
536,12788.597920462827,12788.597920462827,12788.597920462806,12788.597920462831,2.1827872842550278e-11,1.7068229823399057e-15,0.6311430834287435,0.6311430834287436,False,False,2,2
537,12788.582921899237,12788.582921899237,12788.582921899217,12788.582921899242,2.000888343900442e-11,1.5645895687739651e-15,0.631142517558102,0.6311425175581022,False,False,2,2
538,12787.834126817965,12787.834126817965,12787.834126817936,12787.834126817968,2.9103830456733704e-11,2.275899903620012e-15,0.6311142656723692,0.6311142656723692,False,False,2,2
539,12787.819044913686,12787.819044913686,12787.819044913656,12787.819044913686,2.9103830456733704e-11,2.275902587807548e-15,0.6311136966129656,0.6311136966129656,False,False,2,2
540,12127.526954676792,12127.526954676792,12127.526954676763,12127.526954676792,2.9103830456733704e-11,2.399815771632671e-15,0.6053394497282745,0.605339449728274,False,False,1,1
541,12127.508032296642,12127.508032296642,12127.50803229661,12127.508032296637,3.2741809263825417e-11,2.699796955535386e-15,0.6053386858764338,0.6053386858764332,False,False,1,1
542,12126.726346015635,12126.726346015635,12126.726346015615,12126.726346015637,2.000888343900442e-11,1.6499822679332211e-15,0.6053071297535565,0.6053071297535565,False,False,1,1
543,12126.707331083646,12126.707331083646,12126.707331083617,12126.70733108365,2.9103830456733704e-11,2.399977971112871e-15,0.6053063621027526,0.6053063621027522,False,False,1,1
544,12788.606188027174,12788.606188027174,12788.60618802715,12788.606188027174,2.3646862246096134e-11,1.8490570354910587e-15,0.6311433953497048,0.6311433953497048,False,False,2,2
545,12788.591189211245,12788.591189211245,12788.591189211222,12788.591189211244,2.3646862246096134e-11,1.8490592041166488e-15,0.6311428294700215,0.6311428294700216,False,False,2,2
546,12787.84234528356,12787.84234528356,12787.842345283534,12787.842345283563,2.546585164964199e-11,1.9914111358304602e-15,0.6311145757651447,0.6311145757651446,False,False,2,2
547,12787.827263088824,12787.827263088824,12787.827263088795,12787.827263088824,2.9103830456733704e-11,2.2759011251848774e-15,0.6311140066952601,0.6311140066952601,False,False,2,2
548,12127.542160941051,12127.542160941051,12127.54216094103,12127.542160941055,2.1827872842550278e-11,1.7998595719461523e-15,0.6053400635682131,0.605340063568213,False,False,1,1
549,12127.523237560321,12127.523237560321,12127.523237560294,12127.52323756032,2.7284841053187847e-11,2.2498279754833687e-15,0.6053392996771694,0.6053392996771692,False,False,1,1
550,12126.74149169094,12126.74149169094,12126.741491690904,12126.741491690937,3.637978807091713e-11,2.9999640130734222e-15,0.6053077411977372,0.6053077411977366,False,False,1,1
551,12126.722475713821,12126.722475713821,12126.722475713792,12126.722475713828,2.9103830456733704e-11,2.3999749738661806e-15,0.6053069735059295,0.6053069735059293,False,False,1,1
552,12788.606178143496,12788.606178143496,12788.606178143471,12788.606178143493,2.546585164964199e-11,1.9912921936062647e-15,0.6311433949768107,0.6311433949768106,False,False,2,2
553,12788.591179260224,12788.591179260224,12788.591179260207,12788.591179260233,1.6370904631912708e-11,1.2801179115383771e-15,0.6311428290945862,0.6311428290945866,False,False,2,2
554,12787.842335102829,12787.842335102829,12787.84233510281,12787.84233510284,1.8189894035458565e-11,1.4224365267256243e-15,0.6311145753810135,0.6311145753810138,False,False,2,2
555,12787.827252841329,12787.827252841329,12787.827252841296,12787.827252841325,3.2741809263825417e-11,2.5603887678847484e-15,0.6311140063086091,0.6311140063086089,False,False,2,2
556,12127.542138582818,12127.542138582818,12127.542138582794,12127.542138582823,2.3646862246096134e-11,1.949847873203055e-15,0.6053400626656662,0.6053400626656662,False,False,1,1
557,12127.52321514679,12127.52321514679,12127.523215146757,12127.523215146783,3.2741809263825417e-11,2.699793575569677e-15,0.6053392987723887,0.6053392987723881,False,False,1,1
558,12126.741468979631,12126.741468979631,12126.74146897961,12126.741468979635,2.1827872842550278e-11,1.7999784112151045e-15,0.6053077402808624,0.6053077402808624,False,False,1,1
559,12126.722452947879,12126.722452947879,12126.72245294785,12126.722452947886,2.9103830456733704e-11,2.399974978371742e-15,0.6053069725868475,0.6053069725868472,False,False,1,1
560,12788.599085184527,12788.599085184527,12788.599085184516,12788.599085184536,1.0913936421275139e-11,8.534114134454986e-16,0.6311431273717028,0.6311431273717034,False,False,2,2
561,12788.584088848922,12788.584088848922,12788.584088848896,12788.584088848931,2.546585164964199e-11,1.991295633098826e-15,0.6311425615851871,0.6311425615851871,False,False,2,2
562,12787.835252967903,12787.835252967903,12787.835252967874,12787.8352529679,2.9103830456733704e-11,2.275899703194804e-15,0.6311143081634015,0.6311143081634014,False,False,2,2
563,12787.820173252858,12787.820173252858,12787.820173252825,12787.820173252852,3.2741809263825417e-11,2.5603901853662702e-15,0.6311137391866659,0.6311137391866657,False,False,2,2
564,12127.528325765981,12127.528325765981,12127.528325765947,12127.52832576598,3.456079866737127e-11,2.849780906629084e-15,0.6053395050758525,0.605339505075852,False,False,1,1
565,12127.50940591151,12127.50940591151,12127.509405911482,12127.509405911507,2.9103830456733704e-11,2.399819244217378e-15,0.6053387413260748,0.6053387413260745,False,False,1,1
566,12126.727671701374,12126.727671701374,12126.727671701356,12126.727671701381,1.8189894035458565e-11,1.49998371596206e-15,0.605307183272689,0.6053071832726891,False,False,1,1
567,12126.708659250295,12126.708659250295,12126.708659250267,12126.70865925029,2.7284841053187847e-11,2.249979101491391e-15,0.6053064157221459,0.6053064157221457,False,False,1,1
568,12788.59907530731,12788.59907530731,12788.599075307282,12788.599075307306,2.7284841053187847e-11,2.133528535261568e-15,0.6311431269990522,0.6311431269990522,False,False,2,2
569,12788.584078904347,12788.584078904347,12788.584078904323,12788.584078904345,2.3646862246096134e-11,1.8490602321724784e-15,0.6311425612099948,0.6311425612099948,False,False,2,2
570,12787.835242793642,12787.835242793642,12787.835242793615,12787.835242793644,2.7284841053187847e-11,2.133655973442709e-15,0.631114307779514,0.631114307779514,False,False,2,2
571,12787.82016301182,12787.82016301182,12787.820163011795,12787.820163011824,2.546585164964199e-11,1.991414590213021e-15,0.6311137388002583,0.6311137388002583,False,False,2,2
572,12127.528303420682,12127.528303420682,12127.528303420644,12127.528303420684,3.8198777474462986e-11,3.1497578499725016e-15,0.6053395041738265,0.6053395041738259,False,False,1,1
573,12127.509383510893,12127.509383510893,12127.509383510875,12127.509383510893,1.8189894035458565e-11,1.4998870304062895e-15,0.605338740421814,0.605338740421814,False,False,1,1
574,12126.727649003056,12126.727649003056,12126.727649003027,12126.727649003053,2.9103830456733704e-11,2.39997395003147e-15,0.6053071823563374,0.605307182356337,False,False,1,1
575,12126.708636497307,12126.708636497307,12126.708636497275,12126.708636497307,3.2741809263825417e-11,2.6999749268555526e-15,0.6053064148035856,0.605306414803585,False,False,1,1
576,12789.152768932468,12789.152768932468,12789.152768932447,12789.152768932468,2.1827872842550278e-11,1.7067489330157002e-15,0.6311640163205813,0.6311640163205814,False,False,2,2
577,12789.051052621944,12789.051052621944,12789.051052621919,12789.051052621944,2.546585164964199e-11,1.991222925364827e-15,0.6311601789356008,0.6311601789356008,False,False,2,2
578,12788.3891277449,12788.3891277449,12788.389127744866,12788.389127744891,3.456079866737127e-11,2.7025138445615715e-15,0.6311352059517116,0.6311352059517112,False,False,2,2
579,12788.287462293101,12788.287462293101,12788.287462293074,12788.287462293101,2.7284841053187847e-11,2.1335805230871257e-15,0.6311313701858607,0.6311313701858607,False,False,2,2
580,12128.076004768416,12128.076004768416,12128.076004768383,12128.076004768413,3.2741809263825417e-11,2.699670520777761e-15,0.6053616129412416,0.605361612941241,False,False,1,1
581,12127.979691623756,12127.979691623756,12127.979691623725,12127.979691623754,3.092281986027956e-11,2.5497090732792494e-15,0.6053577252097853,0.6053577252097848,False,False,1,1
582,12127.275558655063,12127.275558655063,12127.275558655048,12127.275558655072,1.4551915228366852e-11,1.199932759669286e-15,0.6053293013433716,0.6053293013433718,False,False,1,1
583,12127.179301931541,12127.179301931541,12127.179301931517,12127.179301931543,2.3646862246096134e-11,1.949906211276171e-15,0.6053254155712685,0.6053254155712684,False,False,1,1
584,12789.152758345903,12789.152758345903,12789.152758345881,12789.152758345905,2.1827872842550278e-11,1.7067489344285075e-15,0.6311640159211909,0.631164015921191,False,False,2,2
585,12789.051042173647,12789.051042173647,12789.051042173613,12789.051042173644,3.456079866737127e-11,2.7023739723457436e-15,0.6311601785414227,0.6311601785414224,False,False,2,2
586,12788.389116861421,12788.389116861421,12788.38911686139,12788.389116861415,3.092281986027956e-11,2.4180387050866315e-15,0.6311352055410878,0.6311352055410876,False,False,2,2
587,12788.287451547287,12788.287451547287,12788.287451547261,12788.287451547287,2.546585164964199e-11,1.99134182322128e-15,0.6311313697804266,0.6311313697804266,False,False,2,2
588,12128.07598162333,12128.07598162333,12128.075981623302,12128.075981623328,2.7284841053187847e-11,2.2497254382748188e-15,0.6053616120069825,0.6053616120069821,False,False,1,1
589,12127.979668612676,12127.979668612676,12127.979668612648,12127.979668612667,2.7284841053187847e-11,2.2497433042208397e-15,0.6053577242809262,0.6053577242809258,False,False,1,1
590,12127.275535157074,12127.275535157074,12127.275535157045,12127.275535157078,2.9103830456733704e-11,2.399865523988587e-15,0.6053293003947897,0.6053293003947893,False,False,1,1
591,12127.17927856684,12127.17927856684,12127.179278566815,12127.17927856684,2.546585164964199e-11,2.0998990008047015e-15,0.605325414628058,0.6053254146280578,False,False,1,1
592,12789.1456746947,12789.1456746947,12789.145674694671,12789.145674694702,2.9103830456733704e-11,2.27566650635e-15,0.6311637486821899,0.6311637486821897,False,False,2,2
593,12789.04395447645,12789.04395447645,12789.043954476421,12789.043954476449,2.9103830456733704e-11,2.2756846063185758e-15,0.6311599111469999,0.6311599111469998,False,False,2,2
594,12788.382044026557,12788.382044026557,12788.382044026537,12788.382044026563,2.000888343900442e-11,1.56461414509825e-15,0.6311349386893034,0.6311349386893036,False,False,2,2
595,12788.280374669068,12788.280374669068,12788.280374669046,12788.280374669073,2.1827872842550278e-11,1.706865364461884e-15,0.6311311027733135,0.6311311027733135,False,False,2,2
596,12128.062181938778,12128.062181938778,12128.062181938752,12128.062181938785,2.546585164964199e-11,2.0997461315432543e-15,0.6053610549777042,0.605361054977704,False,False,1,1
597,12127.965863193958,12127.965863193958,12127.965863193935,12127.96586319396,2.3646862246096134e-11,1.9497797497814378e-15,0.6053571670146963,0.6053571670146962,False,False,1,1
598,12127.261751002223,12127.261751002223,12127.261751002194,12127.261751002225,2.9103830456733704e-11,2.3998682517369183e-15,0.6053287439468177,0.6053287439468173,False,False,1,1
599,12127.165488680463,12127.165488680463,12127.165488680434,12127.165488680457,2.9103830456733704e-11,2.3998873012740957e-15,0.6053248579432309,0.6053248579432305,False,False,1,1
600,12789.14566411461,12789.14566411461,12789.145664114585,12789.145664114603,2.546585164964199e-11,1.991208194703519e-15,0.6311637482830434,0.6311637482830437,False,False,2,2
601,12789.04394403463,12789.04394403463,12789.043944034613,12789.043944034633,1.8189894035458565e-11,1.4223028801103718e-15,0.6311599107530658,0.6311599107530661,False,False,2,2
602,12788.382033149584,12788.382033149584,12788.382033149557,12788.38203314958,2.7284841053187847e-11,2.133564745130468e-15,0.6311349382789246,0.6311349382789246,False,False,2,2
603,12788.280363929764,12788.280363929764,12788.28036392973,12788.280363929758,3.2741809263825417e-11,2.5602980488429057e-15,0.6311311023681245,0.6311311023681243,False,False,2,2
604,12128.062158806692,12128.062158806692,12128.062158806662,12128.062158806688,2.9103830456733704e-11,2.399709869197875e-15,0.6053610540439686,0.6053610540439682,False,False,1,1
605,12127.965840195875,12127.965840195875,12127.965840195848,12127.965840195871,2.7284841053187847e-11,2.249745869398588e-15,0.6053571660863606,0.6053571660863603,False,False,1,1
606,12127.261727517256,12127.261727517256,12127.261727517234,12127.26172751726,2.1827872842550278e-11,1.7999011922882754e-15,0.6053287429987602,0.6053287429987602,False,False,1,1
607,12127.165465328797,12127.165465328797,12127.165465328766,12127.165465328795,3.092281986027956e-11,2.549880262513691e-15,0.6053248570005453,0.6053248570005448,False,False,1,1
608,12789.15392734566,12789.15392734566,12789.153927345633,12789.153927345662,2.7284841053187847e-11,2.13343597302771e-15,0.6311640600230511,0.631164060023051,False,False,2,2
609,12789.052208423476,12789.052208423476,12789.052208423453,12789.052208423476,2.3646862246096134e-11,1.84899254930879e-15,0.6311602225399966,0.6311602225399966,False,False,2,2
610,12788.39024723776,12788.39024723776,12788.390247237736,12788.390247237758,2.3646862246096134e-11,1.8490882580943883e-15,0.6311352481891663,0.6311352481891663,False,False,2,2
611,12788.288579217759,12788.288579217759,12788.288579217737,12788.288579217762,2.1827872842550278e-11,1.7068642693927587e-15,0.6311314123268577,0.6311314123268579,False,False,2,2
612,12128.077357587194,12128.077357587194,12128.077357587172,12128.0773575872,2.1827872842550278e-11,1.7997801464298047e-15,0.6053616675482203,0.6053616675482203,False,False,1,1
613,12127.981041474424,12127.981041474424,12127.9810414744,12127.981041474426,2.3646862246096134e-11,1.949777309614044e-15,0.605357779697492,0.605357779697492,False,False,1,1
614,12127.276865659444,12127.276865659444,12127.276865659413,12127.276865659442,3.092281986027956e-11,2.5498568394890912e-15,0.6053293541053567,0.6053293541053563,False,False,1,1
615,12127.180606017413,12127.180606017413,12127.180606017393,12127.180606017419,2.000888343900442e-11,1.6499204628878181e-15,0.6053254682159558,0.6053254682159558,False,False,1,1
616,12789.153916756279,12789.153916756279,12789.153916756253,12789.15391675628,2.546585164964199e-11,1.9912069098079092e-15,0.6311640596235546,0.6311640596235546,False,False,2,2
617,12789.052197972358,12789.052197972358,12789.052197972338,12789.052197972364,2.000888343900442e-11,1.5645321583859618e-15,0.631160222145712,0.6311602221457122,False,False,2,2
618,12788.390236351557,12788.390236351557,12788.390236351528,12788.390236351546,2.9103830456733704e-11,2.275800934976538e-15,0.6311352477784397,0.6311352477784395,False,False,2,2
619,12788.288568469208,12788.288568469208,12788.288568469185,12788.28856846921,2.3646862246096134e-11,1.849102960062992e-15,0.6311314119213204,0.6311314119213205,False,False,2,2
620,12128.077334439233,12128.077334439233,12128.077334439196,12128.077334439226,3.637978807091713e-11,2.9996335831081857e-15,0.6053616666138453,0.6053616666138446,False,False,1,1
621,12127.981018460425,12127.981018460425,12127.9810184604,12127.981018460421,2.546585164964199e-11,2.09976018356885e-15,0.6053577787685154,0.605357778768515,False,False,1,1
622,12127.276842158644,12127.276842158644,12127.27684215862,12127.276842158648,2.3646862246096134e-11,1.9498905280937757e-15,0.6053293531566615,0.6053293531566614,False,False,1,1
623,12127.1805826499,12127.1805826499,12127.180582649871,12127.1805826499,2.9103830456733704e-11,2.3998843142792756e-15,0.6053254672726319,0.6053254672726316,False,False,1,1
624,12789.146833034512,12789.146833034512,12789.146833034485,12789.146833034512,2.7284841053187847e-11,2.1334371564732363e-15,0.6311637923819232,0.6311637923819231,False,False,2,2
625,12789.045110204708,12789.045110204708,12789.045110204683,12789.045110204708,2.546585164964199e-11,1.9912238505846017e-15,0.6311599547486628,0.6311599547486628,False,False,2,2
626,12788.383163446975,12788.383163446975,12788.383163446948,12788.383163446968,2.7284841053187847e-11,2.133564556555991e-15,0.6311349809240554,0.6311349809240554,False,False,2,2
627,12788.281491521364,12788.281491521364,12788.281491521335,12788.281491521357,2.9103830456733704e-11,2.2758202871925796e-15,0.6311311449116107,0.6311311449116106,False,False,2,2
628,12128.063534654844,12128.063534654844,12128.063534654815,12128.06353465484,2.9103830456733704e-11,2.399709596966749e-15,0.6053611095806142,0.605361109580614,False,False,1,1
629,12127.967212942025,12127.967212942025,12127.967212942,12127.967212942029,2.546585164964199e-11,2.0997625737697256e-15,0.6053572214983387,0.6053572214983385,False,False,1,1
630,12127.263057904976,12127.263057904976,12127.263057904951,12127.263057904976,2.546585164964199e-11,2.0998844939742983e-15,0.6053287967047748,0.6053287967047747,False,False,1,1
631,12127.166792664848,12127.166792664848,12127.166792664817,12127.166792664844,3.092281986027956e-11,2.5498799834255862e-15,0.6053249105838956,0.6053249105838951,False,False,1,1
632,12789.146822451614,12789.146822451614,12789.146822451594,12789.146822451617,2.000888343900442e-11,1.5645205827083328e-15,0.6311637919826709,0.6311637919826711,False,False,2,2
633,12789.045099760076,12789.045099760076,12789.045099760051,12789.045099760071,2.546585164964199e-11,1.991223852210806e-15,0.6311599543546227,0.6311599543546227,False,False,2,2
634,12788.383152567258,12788.383152567258,12788.383152567241,12788.383152567263,1.6370904631912708e-11,1.2801387350226726e-15,0.6311349805135733,0.6311349805135736,False,False,2,2
635,12788.281480779304,12788.281480779304,12788.28148077929,12788.281480779307,1.4551915228366852e-11,1.137910144552126e-15,0.6311311445063179,0.6311311445063185,False,False,2,2
636,12128.063511519866,12128.063511519866,12128.063511519838,12128.063511519867,2.7284841053187847e-11,2.2497277514478126e-15,0.6053611086467618,0.6053611086467616,False,False,1,1
637,12127.967189941035,12127.967189941035,12127.967189941006,12127.967189941042,2.9103830456733704e-11,2.399728660287974e-15,0.6053572205698856,0.6053572205698854,False,False,1,1
638,12127.26303441721,12127.26303441721,12127.263034417185,12127.263034417214,2.546585164964199e-11,2.0998844980412995e-15,0.6053287957566045,0.6053287957566043,False,False,1,1
639,12127.166769310359,12127.166769310359,12127.166769310332,12127.16676931036,2.7284841053187847e-11,2.2498941073554203e-15,0.6053249096410962,0.605324909641096,False,False,1,1
640,12818.236493756362,12818.236493756362,12818.236493756336,12818.236493756365,2.546585164964199e-11,1.986689172262203e-15,0.6322596029625671,0.6322596029625671,False,False,2,2
641,12818.223609280349,12818.223609280349,12818.223609280321,12818.22360928035,2.7284841053187847e-11,2.128597681306926e-15,0.632259118324396,0.632259118324396,False,False,2,2
642,12814.116993381662,12814.116993381662,12814.116993381633,12814.116993381655,2.9103830456733704e-11,2.2712318353083153e-15,0.6321046190513199,0.6321046190513198,False,False,2,2
643,12814.103887056202,12814.103887056202,12814.103887056182,12814.103887056206,2.000888343900442e-11,1.5614734838552245e-15,0.6321041258607052,0.6321041258607054,False,False,2,2
644,12165.560434443181,12165.560434443181,12165.560434443149,12165.560434443174,3.2741809263825417e-11,2.6913523170808212e-15,0.6068717875775735,0.606871787577573,False,False,2,2
645,12165.544527454396,12165.544527454396,12165.544527454369,12165.544527454398,2.7284841053187847e-11,2.242796530119406e-15,0.6068711479432378,0.6068711479432375,False,False,2,2
646,12158.929534314151,12158.929534314151,12158.929534314126,12158.929534314153,2.546585164964199e-11,2.0944155961899358e-15,0.6066050628912082,0.606605062891208,False,False,1,1
647,12158.913174026738,12158.913174026738,12158.91317402671,12158.91317402674,2.9103830456733704e-11,2.393621044922325e-15,0.6066044045829735,0.6066044045829732,False,False,1,1
648,12818.236479357536,12818.236479357536,12818.236479357507,12818.236479357533,2.9103830456733704e-11,2.270501913707276e-15,0.6322596024209683,0.6322596024209683,False,False,2,2
649,12818.223594819303,12818.223594819303,12818.22359481928,12818.2235948193,2.3646862246096134e-11,1.844784659213887e-15,0.6322591177804563,0.6322591177804564,False,False,2,2
650,12814.116980864403,12814.116980864403,12814.116980864379,12814.1169808644,2.3646862246096134e-11,1.8453758679906312e-15,0.6321046185802961,0.6321046185802962,False,False,2,2
651,12814.103874474233,12814.103874474233,12814.103874474202,12814.103874474229,3.092281986027956e-11,2.4131862956002714e-15,0.6321041253872457,0.6321041253872456,False,False,2,2
652,12165.560405383589,12165.560405383589,12165.560405383556,12165.560405383589,3.2741809263825417e-11,2.6913523235095923e-15,0.606871786409062,0.6068717864090616,False,False,2,2
653,12165.54449834563,12165.54449834563,12165.5444983456,12165.54449834563,2.9103830456733704e-11,2.392316304518181e-15,0.606871146772747,0.6068711467727468,False,False,2,2
654,12158.92950815135,12158.92950815135,12158.929508151317,12158.929508151345,3.2741809263825417e-11,2.6928200580384396e-15,0.6066050618384655,0.6066050618384651,False,False,1,1
655,12158.91314781139,12158.91314781139,12158.913147811365,12158.913147811392,2.546585164964199e-11,2.094418418822726e-15,0.6066044035281146,0.6066044035281144,False,False,1,1
656,12818.229260519467,12818.229260519467,12818.229260519442,12818.229260519467,2.546585164964199e-11,1.986690293336973e-15,0.6322593308908365,0.6322593308908366,False,False,2,2
657,12818.216378487783,12818.216378487783,12818.216378487752,12818.216378487781,3.092281986027956e-11,2.41241206632897e-15,0.6322588463442482,0.6322588463442481,False,False,2,2
658,12814.109736633243,12814.109736633243,12814.109736633218,12814.109736633243,2.546585164964199e-11,1.9873289813368527e-15,0.6321043459801868,0.6321043459801869,False,False,2,2
659,12814.096632766345,12814.096632766345,12814.09663276632,12814.096632766345,2.3646862246096134e-11,1.8453787983485168e-15,0.6321038528817218,0.6321038528817219,False,False,2,2
660,12165.546459065801,12165.546459065801,12165.54645906577,12165.546459065796,3.092281986027956e-11,2.541835663883046e-15,0.6068712256151263,0.606871225615126,False,False,2,2
661,12165.530555511286,12165.530555511286,12165.53055551127,12165.53055551129,1.6370904631912708e-11,1.3456794635640682e-15,0.6068705861179717,0.6068705861179718,False,False,2,2
662,12158.915493828665,12158.915493828665,12158.915493828636,12158.91549382866,2.9103830456733704e-11,2.3936205882428856e-15,0.6066044979276544,0.606604497927654,False,False,1,1
663,12158.899137006738,12158.899137006738,12158.899137006712,12158.899137006738,2.546585164964199e-11,2.0944208322391877e-15,0.6066038397579194,0.6066038397579192,False,False,1,1
664,12818.229246127632,12818.229246127632,12818.22924612761,12818.229246127628,2.1827872842550278e-11,1.702877396200762e-15,0.6322593303495003,0.6322593303495005,False,False,2,2
665,12818.216364033724,12818.216364033724,12818.216364033698,12818.216364033722,2.546585164964199e-11,1.9866922921582066e-15,0.6322588458005709,0.6322588458005709,False,False,2,2
666,12814.109724122818,12814.109724122818,12814.109724122789,12814.10972412282,2.9103830456733704e-11,2.2712331237452385e-15,0.63210434550942,0.6321043455094199,False,False,2,2
667,12814.096620191189,12814.096620191189,12814.096620191158,12814.096620191187,3.092281986027956e-11,2.4131876617470193e-15,0.6321038524085184,0.6321038524085183,False,False,2,2
668,12165.54643002018,12165.54643002018,12165.54643002015,12165.546430020175,3.092281986027956e-11,2.541835669951758e-15,0.6068712244471751,0.6068712244471746,False,False,2,2
669,12165.530526416489,12165.530526416489,12165.530526416458,12165.530526416489,3.092281986027956e-11,2.541838992811131e-15,0.6068705849480411,0.6068705849480407,False,False,2,2
670,12158.915467679486,12158.915467679486,12158.91546767945,12158.915467679482,3.637978807091713e-11,2.9920257417383104e-15,0.6066044968754583,0.6066044968754576,False,False,1,1
671,12158.899110805005,12158.899110805005,12158.899110804981,12158.899110805003,2.3646862246096134e-11,1.9448193484130773e-15,0.606603838703607,0.6066038387036068,False,False,1,1
672,12818.237288099132,12818.237288099132,12818.237288099106,12818.237288099126,2.546585164964199e-11,1.9866890491476012e-15,0.632259632841047,0.632259632841047,False,False,2,2
673,12818.22440535206,12818.22440535206,12818.224405352028,12818.224405352059,3.2741809263825417e-11,2.5543170589332603e-15,0.632259148267948,0.6322591482679478,False,False,2,2
674,12814.118018500734,12814.118018500734,12814.118018500707,12814.118018500727,2.7284841053187847e-11,2.129279675260881e-15,0.6321046576264904,0.6321046576264904,False,False,2,2
675,12814.104914162534,12814.104914162534,12814.104914162508,12814.104914162534,2.546585164964199e-11,1.987329729249865e-15,0.6321041645107079,0.6321041645107079,False,False,2,2
676,12165.56128227688,12165.56128227688,12165.561282276854,12165.561282276884,2.546585164964199e-11,2.0932738785132203e-15,0.6068718216697004,0.6068718216697002,False,False,2,2
677,12165.54537715164,12165.54537715164,12165.545377151611,12165.54537715164,2.9103830456733704e-11,2.392316131703738e-15,0.606871182110355,0.6068711821103546,False,False,2,2
678,12158.930705159715,12158.930705159715,12158.930705159699,12158.930705159715,1.6370904631912708e-11,1.3464098964694007e-15,0.6066051100038637,0.6066051100038639,False,False,1,1
679,12158.91434710157,12158.91434710157,12158.91434710155,12158.914347101565,2.000888343900442e-11,1.6456143096175456e-15,0.6066044517854097,0.6066044517854097,False,False,1,1
680,12818.237273698029,12818.237273698029,12818.237273698001,12818.237273698032,2.7284841053187847e-11,2.128595412192447e-15,0.6322596322993628,0.6322596322993628,False,False,2,2
681,12818.224390888749,12818.224390888749,12818.224390888723,12818.224390888736,2.546585164964199e-11,1.9866910480786426e-15,0.632259147723923,0.632259147723923,False,False,2,2
682,12814.118005980756,12814.118005980756,12814.118005980732,12814.118005980756,2.3646862246096134e-11,1.8453757203624465e-15,0.6321046571553643,0.6321046571553646,False,False,2,2
683,12814.104901577844,12814.104901577844,12814.104901577815,12814.10490157784,2.9103830456733704e-11,2.271233978516131e-15,0.6321041640371463,0.6321041640371462,False,False,2,2
684,12165.561253215095,12165.561253215095,12165.561253215066,12165.561253215088,2.9103830456733704e-11,2.3923130097300024e-15,0.606871820501101,0.6068718205011006,False,False,2,2
685,12165.545348040696,12165.545348040696,12165.545348040667,12165.54534804069,2.9103830456733704e-11,2.3923161374283135e-15,0.6068711809397769,0.6068711809397765,False,False,2,2
686,12158.930678994111,12158.930678994111,12158.930678994086,12158.930678994111,2.546585164964199e-11,2.094415399015067e-15,0.6066051089510084,0.606605108951008,False,False,1,1
687,12158.914320883428,12158.914320883428,12158.914320883403,12158.914320883421,2.546585164964199e-11,2.094418216756685e-15,0.6066044507304384,0.6066044507304382,False,False,1,1
688,12818.230054800017,12818.230054800017,12818.230054799986,12818.230054800026,3.092281986027956e-11,2.4124094924244206e-15,0.6322593607669982,0.632259360766998,False,False,2,2
689,12818.217174497202,12818.217174497202,12818.217174497167,12818.217174497204,3.456079866737127e-11,2.6962250831677713e-15,0.6322588762854793,0.6322588762854789,False,False,2,2
690,12814.110761683385,12814.110761683385,12814.110761683354,12814.110761683394,3.092281986027956e-11,2.4131849985833306e-15,0.6321043845527923,0.632104384552792,False,False,2,2
691,12814.097659803674,12814.097659803674,12814.097659803645,12814.097659803674,2.9103830456733704e-11,2.2712352620839637e-15,0.6321038915291567,0.6321038915291566,False,False,2,2
692,12165.5473068149,12165.5473068149,12165.547306814873,12165.547306814899,2.7284841053187847e-11,2.2427960177265033e-15,0.6068712597039002,0.6068712597038999,False,False,2,2
693,12165.53140512384,12165.53140512384,12165.531405123822,12165.531405123838,1.8189894035458565e-11,1.4951992995388103e-15,0.6068706202817322,0.6068706202817324,False,False,2,2
694,12158.916664579405,12158.916664579405,12158.916664579376,12158.9166645794,2.9103830456733704e-11,2.39362035776733e-15,0.606604545036562,0.6066045450365617,False,False,1,1
695,12158.900309986646,12158.900309986646,12158.90030998662,12158.900309986646,2.546585164964199e-11,2.0944206301885505e-15,0.6066038869566037,0.6066038869566035,False,False,1,1
696,12818.23004040591,12818.23004040591,12818.230040405891,12818.23004040591,1.8189894035458565e-11,1.4190644089020072e-15,0.6322593602255766,0.6322593602255768,False,False,2,2
697,12818.217160040887,12818.217160040887,12818.217160040858,12818.217160040887,2.9103830456733704e-11,2.270505335754576e-15,0.6322588757417171,0.632258875741717,False,False,2,2
698,12814.110749170244,12814.110749170244,12814.110749170211,12814.110749170246,3.2741809263825417e-11,2.55513705981865e-15,0.6321043840819232,0.6321043840819229,False,False,2,2
699,12814.097647225799,12814.097647225799,12814.097647225773,12814.097647225803,2.546585164964199e-11,1.9873308562741635e-15,0.6321038910558511,0.6321038910558512,False,False,2,2
700,12165.547277767086,12165.547277767086,12165.547277767055,12165.547277767082,3.092281986027956e-11,2.5418354928258732e-15,0.6068712585358609,0.6068712585358604,False,False,2,2
701,12165.531376026858,12165.531376026858,12165.531376026825,12165.531376026862,3.2741809263825417e-11,2.6913587456069317e-15,0.6068706191117139,0.6068706191117135,False,False,2,2
702,12158.916638427421,12158.916638427421,12158.916638427392,12158.916638427418,2.9103830456733704e-11,2.3936203629156437e-15,0.6066045439842532,0.6066045439842529,False,False,1,1
703,12158.900283782123,12158.900283782123,12158.900283782088,12158.900283782117,3.456079866737127e-11,2.8424280042389542e-15,0.6066038859021792,0.6066038859021785,False,False,1,1
704,12818.760380651458,12818.760380651458,12818.760380651427,12818.76038065146,3.092281986027956e-11,2.412309688458974e-15,0.6322793079638975,0.6322793079638973,False,False,2,2
705,12818.661575296444,12818.661575296444,12818.661575296417,12818.661575296444,2.7284841053187847e-11,2.128524955036646e-15,0.6322755916706587,0.6322755916706587,False,False,2,2
706,12814.646573179225,12814.646573179225,12814.646573179196,12814.646573179225,2.9103830456733704e-11,2.2711379740778327e-15,0.6321245465693639,0.6321245465693637,False,False,2,2
707,12814.54682165677,12814.54682165677,12814.546821656753,12814.546821656775,1.6370904631912708e-11,1.2775250549044498e-15,0.6321207931094008,0.6321207931094013,False,False,2,2
708,12166.062952774342,12166.062952774342,12166.062952774311,12166.062952774346,3.092281986027956e-11,2.541727753696025e-15,0.6068919937562101,0.6068919937562096,False,False,2,2
709,12165.97056218654,12165.97056218654,12165.970562186512,12165.970562186538,2.7284841053187847e-11,2.2427179906215438e-15,0.6068882788239403,0.60688827882394,False,False,2,2
710,12159.441008803498,12159.441008803498,12159.441008803478,12159.441008803497,2.000888343900442e-11,1.6455430331474848e-15,0.6066256431396191,0.6066256431396191,False,False,2,2
711,12159.34720992174,12159.34720992174,12159.34720992171,12159.347209921742,2.9103830456733704e-11,2.3935356030450112e-15,0.6066218690255769,0.6066218690255767,False,False,1,1
712,12818.760365538526,12818.760365538526,12818.760365538497,12818.760365538526,2.9103830456733704e-11,2.2704091212263666e-15,0.6322793073954688,0.6322793073954687,False,False,2,2
713,12818.661560317967,12818.661560317967,12818.661560317943,12818.661560317969,2.3646862246096134e-11,1.844721629853965e-15,0.6322755911072815,0.6322755911072815,False,False,2,2
714,12814.646559949459,12814.646559949459,12814.646559949426,12814.646559949457,3.2741809263825417e-11,2.55503022347536e-15,0.6321245460715554,0.6321245460715552,False,False,2,2
715,12814.546808563808,12814.546808563808,12814.546808563782,12814.546808563804,2.546585164964199e-11,1.9872611985484707e-15,0.6321207926167351,0.6321207926167351,False,False,2,2
716,12166.062922918676,12166.062922918676,12166.062922918654,12166.06292291868,2.1827872842550278e-11,1.7941607717177338e-15,0.6068919925557497,0.6068919925557495,False,False,2,2
717,12165.970532459969,12165.970532459969,12165.970532459936,12165.970532459967,3.2741809263825417e-11,2.6912615953217337e-15,0.6068882776286593,0.6068882776286588,False,False,2,2
718,12159.440981845122,12159.440981845122,12159.440981845093,12159.440981845119,2.9103830456733704e-11,2.393517144430218e-15,0.6066256420549206,0.6066256420549203,False,False,2,2
719,12159.347183095755,12159.347183095755,12159.347183095724,12159.347183095759,3.092281986027956e-11,2.543131583845988e-15,0.6066218679461951,0.6066218679461947,False,False,1,1
720,12818.753155863242,12818.753155863242,12818.75315586322,12818.753155863244,2.1827872842550278e-11,1.7028077986326076e-15,0.6322790362245181,0.6322790362245183,False,False,2,2
721,12818.654346647363,12818.654346647363,12818.654346647334,12818.654346647361,2.9103830456733704e-11,2.2704278990365023e-15,0.6322753197833164,0.6322753197833162,False,False,2,2
722,12814.639324949141,12814.639324949141,12814.639324949114,12814.639324949141,2.7284841053187847e-11,2.1291930550137534e-15,0.6321242738335494,0.6321242738335494,False,False,2,2
723,12814.539569538847,12814.539569538847,12814.539569538816,12814.539569538854,3.092281986027956e-11,2.4131042471307746e-15,0.6321205202245108,0.6321205202245107,False,False,2,2
724,12166.048989255843,12166.048989255843,12166.04898925582,12166.04898925585,2.3646862246096134e-11,1.9436763954328392e-15,0.606891432299479,0.606891432299479,False,False,2,2
725,12165.9565932243,12165.9565932243,12165.956593224277,12165.956593224302,2.3646862246096134e-11,1.9436911569506996e-15,0.6068877171430147,0.6068877171430145,False,False,2,2
726,12159.426980378294,12159.426980378294,12159.426980378275,12159.426980378303,1.8189894035458565e-11,1.4959499378393123e-15,0.6066250786908798,0.6066250786908798,False,False,2,2
727,12159.333175983837,12159.333175983837,12159.333175983813,12159.33317598384,2.3646862246096134e-11,1.944749922043551e-15,0.6066213043496106,0.6066213043496105,False,False,1,1
728,12818.75314075735,12818.75314075735,12818.75314075732,12818.75314075735,2.9103830456733704e-11,2.2704104008523102e-15,0.6322790356563537,0.6322790356563537,False,False,2,2
729,12818.654331675914,12818.654331675914,12818.654331675893,12818.654331675923,2.1827872842550278e-11,1.7028209262661736e-15,0.6322753192202031,0.6322753192202033,False,False,2,2
730,12814.639311726243,12814.639311726243,12814.639311726216,12814.63931172624,2.7284841053187847e-11,2.12919305721078e-15,0.6321242733359991,0.6321242733359991,False,False,2,2
731,12814.539556452744,12814.539556452744,12814.539556452715,12814.539556452746,2.9103830456733704e-11,2.27115694079531e-15,0.6321205197321029,0.6321205197321028,False,False,2,2
732,12166.048959414213,12166.048959414213,12166.048959414187,12166.048959414218,2.546585164964199e-11,2.093189969446593e-15,0.6068914310995812,0.606891431099581,False,False,2,2
733,12165.95656351176,12165.95656351176,12165.95656351174,12165.95656351177,2.000888343900442e-11,1.6446617522057603e-15,0.6068877159482962,0.6068877159482962,False,False,2,2
734,12159.426953433613,12159.426953433613,12159.426953433582,12159.42695343361,3.092281986027956e-11,2.5431148999622462e-15,0.6066250776067308,0.6066250776067303,False,False,2,2
735,12159.333149171533,12159.333149171533,12159.333149171514,12159.333149171534,1.8189894035458565e-11,1.4959614817937544e-15,0.6066213032707777,0.6066213032707777,False,False,1,1
736,12818.761177961524,12818.761177961524,12818.7611779615,12818.761177961518,2.3646862246096134e-11,1.844707294083197e-15,0.6322793379523826,0.6322793379523827,False,False,2,2
737,12818.66237047853,12818.66237047853,12818.662370478503,12818.662370478529,2.7284841053187847e-11,2.1285248229975248e-15,0.6322756215794083,0.6322756215794083,False,False,2,2
738,12814.647601597639,12814.647601597639,12814.647601597602,12814.647601597633,3.637978807091713e-11,2.838922239764249e-15,0.6321245852665922,0.6321245852665919,False,False,2,2
739,12814.547847655449,12814.547847655449,12814.547847655418,12814.547847655442,3.092281986027956e-11,2.413102688280742e-15,0.6321208317159737,0.6321208317159734,False,False,2,2
740,12166.063803862804,12166.063803862804,12166.063803862768,12166.063803862802,3.637978807091713e-11,2.9902677363377227e-15,0.6068920279774548,0.6068920279774541,False,False,2,2
741,12165.971410978867,12165.971410978867,12165.971410978851,12165.971410978871,1.6370904631912708e-11,1.3456307004913071e-15,0.6068883129531828,0.6068883129531829,False,False,2,2
742,12159.442183359373,12159.442183359373,12159.442183359344,12159.442183359373,2.9103830456733704e-11,2.3935169079189605e-15,0.6066256903990981,0.6066256903990979,False,False,2,2
743,12159.348381773303,12159.348381773303,12159.34838177328,12159.348381773305,2.3646862246096134e-11,1.9447474900499155e-15,0.6066219161766977,0.6066219161766975,False,False,2,2
744,12818.761162846356,12818.761162846356,12818.761162846322,12818.761162846353,3.456079866737127e-11,2.696110663762237e-15,0.6322793373838698,0.6322793373838695,False,False,2,2
745,12818.66235549781,12818.66235549781,12818.662355497774,12818.662355497803,3.637978807091713e-11,2.838033100646743e-15,0.6322756210159468,0.6322756210159464,False,False,2,2
746,12814.647588365184,12814.647588365184,12814.647588365162,12814.647588365178,2.1827872842550278e-11,1.7033533456174386e-15,0.6321245847686827,0.6321245847686829,False,False,2,2
747,12814.547834559777,12814.547834559777,12814.547834559751,12814.547834559775,2.546585164964199e-11,1.987261039438527e-15,0.6321208312232058,0.632120831223206,False,False,2,2
748,12166.063774004986,12166.063774004986,12166.063774004964,12166.063774004988,2.1827872842550278e-11,1.7941606462058428e-15,0.6068920267769079,0.6068920267769078,False,False,2,2
749,12165.971381250132,12165.971381250132,12165.97138125011,12165.971381250127,2.1827872842550278e-11,1.794174271705982e-15,0.6068883117578148,0.6068883117578148,False,False,2,2
750,12159.44215639824,12159.44215639824,12159.442156398207,12159.442156398236,3.2741809263825417e-11,2.6927065273793695e-15,0.606625689314289,0.6066256893142885,False,False,2,2
751,12159.34835494455,12159.34835494455,12159.348354944523,12159.348354944546,2.7284841053187847e-11,2.243939416547152e-15,0.6066219150972045,0.6066219150972042,False,False,2,2
752,12818.753953110841,12818.753953110841,12818.75395311082,12818.753953110849,2.1827872842550278e-11,1.7028076927284429e-15,0.6322790662106759,0.6322790662106761,False,False,2,2
753,12818.65514176707,12818.65514176707,12818.655141767054,12818.655141767067,1.6370904631912708e-11,1.2771156139906853e-15,0.6322753496897419,0.6322753496897423,False,False,2,2
754,12814.64035329839,12814.64035329839,12814.640353298357,12814.640353298384,3.2741809263825417e-11,2.5550314609803255e-15,0.632124312528204,0.6321243125282038,False,False,2,2
755,12814.540595468436,12814.540595468436,12814.54059546841,12814.540595468432,2.546585164964199e-11,1.9872621620666916e-15,0.6321205588285125,0.6321205588285125,False,False,2,2
756,12166.049840259344,12166.049840259344,12166.049840259315,12166.049840259337,2.9103830456733704e-11,2.392216934737898e-15,0.6068914665173565,0.6068914665173561,False,False,2,2
757,12165.957441931798,12165.957441931798,12165.957441931769,12165.957441931809,2.9103830456733704e-11,2.3922351032088098e-15,0.6068877512688949,0.6068877512688946,False,False,2,2
758,12159.428154838979,12159.428154838979,12159.428154838957,12159.42815483898,2.1827872842550278e-11,1.7951397520173377e-15,0.6066251259465967,0.6066251259465966,False,False,2,2
759,12159.334347740334,12159.334347740334,12159.33434774031,12159.334347740329,2.3646862246096134e-11,1.9447497346341677e-15,0.6066213514969738,0.6066213514969737,False,False,1,1
760,12818.75393800272,12818.75393800272,12818.753938002692,12818.753938002721,2.7284841053187847e-11,2.128509618419205e-15,0.6322790656424276,0.6322790656424276,False,False,2,2
761,12818.65512679339,12818.65512679339,12818.655126793363,12818.655126793386,2.7284841053187847e-11,2.128526025804175e-15,0.6322753491265446,0.6322753491265446,False,False,2,2
762,12814.640340072805,12814.640340072805,12814.640340072772,12814.6403400728,3.2741809263825417e-11,2.5550314636172923e-15,0.6321243120305526,0.6321243120305524,False,False,2,2
763,12814.540582379637,12814.540582379637,12814.540582379614,12814.540582379635,2.3646862246096134e-11,1.845314866661022e-15,0.6321205583360031,0.6321205583360032,False,False,2,2
764,12166.049810415558,12166.049810415558,12166.049810415532,12166.049810415549,2.546585164964199e-11,2.093189823030336e-15,0.606891465317372,0.6068914653173718,False,False,2,2
765,12165.957412217094,12165.957412217094,12165.957412217065,12165.957412217094,2.9103830456733704e-11,2.3922351090517167e-15,0.6068877500740895,0.6068877500740891,False,False,2,2
766,12159.428127891533,12159.428127891533,12159.428127891502,12159.428127891528,3.092281986027956e-11,2.5431146543272207e-15,0.6066251248623366,0.6066251248623361,False,False,2,2
767,12159.334320925274,12159.334320925274,12159.334320925242,12159.334320925267,3.2741809263825417e-11,2.692730407739451e-15,0.6066213504180301,0.6066213504180296,False,False,1,1
768,3229.005347502928,3229.005347502928,3229.005347502997,3229.005347502929,6.912159733474255e-11,2.1406467285102067e-14,0.019359813437098583,0.019359813437098916,False,False,0,0
769,3228.998699038956,3228.998699038956,3228.998699039027,3228.998699038959,7.09405867382884e-11,2.196984060705903e-14,0.019359146568323493,0.019359146568323937,False,False,0,0
770,3037.8443579377654,3037.8443579377654,3037.8443579378327,3037.844357937768,6.730260793119669e-11,2.2154725522832064e-14,0.0,0.0,True,True,0,0
771,3037.8380902832714,3037.8380902832714,3037.838090283336,3037.838090283273,6.45741238258779e-11,2.1256604831054423e-14,0.0,0.0,True,True,0,0
772,3228.903247442843,3228.903247442843,3228.903247442914,3228.9032474428445,7.09405867382884e-11,2.1970490071038465e-14,0.019349572323560493,0.019349572323560937,False,False,0,0
773,3228.896549928513,3228.896549928513,3228.8965499285823,3228.8965499285123,6.912159733474255e-11,2.1407188575388516e-14,0.019348900527811574,0.019348900527811908,False,False,0,0
774,3037.750751958706,3037.750751958706,3037.7507519587716,3037.750751958706,6.548361852765083e-11,2.155661338752903e-14,0.0,0.0,True,True,0,0
775,3037.7444350739665,3037.7444350739665,3037.7444350740316,3037.744435073967,6.502887117676437e-11,2.1406959198389438e-14,0.0,0.0,True,True,0,0
776,3229.005378741228,3229.005378741228,3229.005378741297,3229.0053787412285,6.912159733474255e-11,2.1406467078009924e-14,0.019359816570429844,0.019359816570430177,False,False,0,0
777,3228.9987304210217,3228.9987304210217,3228.998730421092,3228.9987304210226,7.048583938740194e-11,2.1829008083323066e-14,0.019359149716077106,0.01935914971607755,False,False,0,0
778,3037.8443758995218,3037.8443758995218,3037.844375899587,3037.8443758995218,6.502887117676437e-11,2.140625493941163e-14,0.0,0.0,True,True,0,0
779,3037.838108356954,3037.838108356954,3037.8381083570207,3037.838108356954,6.684786058031023e-11,2.2005076701228202e-14,0.0,0.0,True,True,0,0
780,3228.9032787051497,3228.9032787051497,3228.903278705219,3228.9032787051483,6.912159733474255e-11,2.140714396451668e-14,0.019349575459332358,0.01934957545933269,False,False,0,0
781,3228.8965813354107,3228.8965813354107,3228.89658133548,3228.89658133541,6.912159733474255e-11,2.1407188367164635e-14,0.019348903678088947,0.01934890367808917,False,False,0,0
782,3037.750770032364,3037.750770032364,3037.7507700324304,3037.750770032365,6.639311322942376e-11,2.1856010665652785e-14,0.0,0.0,True,True,0,0
783,3037.7444532602967,3037.7444532602967,3037.744453260363,3037.7444532602963,6.639311322942376e-11,2.1856056113661927e-14,0.0,0.0,True,True,0,0
784,3229.0051004486086,3229.0051004486086,3229.0051004486795,3229.00510044861,7.09405867382884e-11,2.1969797052482514e-14,0.01935978865652399,0.019359788656524546,False,False,0,0
785,3228.9984516324494,3228.9984516324494,3228.99845163252,3228.9984516324494,7.048583938740194e-11,2.1829009968018303e-14,0.01935912175240606,0.019359121752406616,False,False,0,0
786,3037.8442470887676,3037.8442470887676,3037.844247088833,3037.844247088769,6.548361852765083e-11,2.1555949943912957e-14,0.0,0.0,True,True,0,0
787,3037.8379791573325,3037.8379791573325,3037.8379791574007,3037.8379791573334,6.821210263296962e-11,2.245416085419061e-14,0.0,0.0,True,True,0,0
788,3228.9030259368374,3228.9030259368374,3228.903025936906,3228.9030259368374,6.866684998385608e-11,2.1266309155856902e-14,0.019349550105355884,0.019349550105356106,False,False,0,0
789,3228.8963280922285,3228.8963280922285,3228.8963280922962,3228.896328092227,6.775735528208315e-11,2.098467971627807e-14,0.019348878276463033,0.019348878276463255,False,False,0,0
790,3037.750658282472,3037.750658282472,3037.7506582825376,3037.750658282472,6.548361852765083e-11,2.1556614052278244e-14,0.0,0.0,True,True,0,0
791,3037.74434114383,3037.74434114383,3037.7443411438962,3037.744341143829,6.639311322942376e-11,2.185605692032092e-14,0.0,0.0,True,True,0,0
792,3229.005131686825,3229.005131686825,3229.005131686894,3229.005131686825,6.912159733474255e-11,2.140646871584007e-14,0.019359791789846925,0.019359791789847258,False,False,0,0
793,3228.998483014437,3228.998483014437,3228.9984830145054,3228.9984830144363,6.821210263296962e-11,2.11248481508386e-14,0.019359124900152014,0.019359124900152236,False,False,0,0
794,3037.8442650515476,3037.8442650515476,3037.844265051616,3037.8442650515494,6.821210263296962e-11,2.2454114392138082e-14,0.0,0.0,True,True,0,0
795,3037.837997232051,3037.837997232051,3037.8379972321154,3037.837997232051,6.45741238258779e-11,2.125660548215992e-14,0.0,0.0,True,True,0,0
796,3228.9030571990006,3228.9030571990006,3228.9030571990725,3228.9030571990024,7.185008144006133e-11,2.2252164331743064e-14,0.019349553241113426,0.019349553241114092,False,False,0,0
797,3228.8963594989905,3228.8963594989905,3228.896359499059,3228.8963594989905,6.866684998385608e-11,2.1266353062663574e-14,0.01934888142672686,0.019348881426727083,False,False,0,0
798,3037.750676356982,3037.750676356982,3037.7506763570486,3037.7506763569827,6.684786058031023e-11,2.200571004743416e-14,0.0,0.0,True,True,0,0
799,3037.744359331017,3037.744359331017,3037.7443593310827,3037.744359331019,6.548361852765083e-11,2.1556658751255307e-14,0.0,0.0,True,True,0,0
800,3229.0050653716503,3229.0050653716503,3229.00506537172,3229.005065371651,6.957634468562901e-11,2.1547301189389572e-14,0.01935978513815928,0.019359785138159724,False,False,0,0
801,3228.9984168591473,3228.9984168591473,3228.998416859216,3228.998416859147,6.866684998385608e-11,2.126568090753262e-14,0.01935911826449699,0.01935911826449732,False,False,0,0
802,3037.8484471906486,3037.8484471906486,3037.848447190714,3037.8484471906463,6.548361852765083e-11,2.1555920140850863e-14,0.0,0.0,True,True,0,0
803,3037.8421836339176,3037.8421836339176,3037.842183633983,3037.8421836339166,6.548361852765083e-11,2.1555964585795836e-14,0.0,0.0,True,True,0,0
804,3228.9029654981186,3228.9029654981186,3228.902965498187,3228.902965498118,6.821210263296962e-11,2.112547306680837e-14,0.019349544043037903,0.019349544043038125,False,False,0,0
805,3228.8962679396523,3228.8962679396523,3228.896267939722,3228.8962679396536,6.957634468562901e-11,2.154802722418331e-14,0.01934887224284254,0.019348872242842874,False,False,0,0
806,3037.754851592609,3037.754851592609,3037.754851592676,3037.7548515926082,6.684786058031023e-11,2.200567980173328e-14,0.0,0.0,True,True,0,0
807,3037.7485388275463,3037.7485388275463,3037.748538827613,3037.7485388275463,6.684786058031023e-11,2.2005725531880083e-14,0.0,0.0,True,True,0,0
808,3229.0050966076187,3229.0050966076187,3229.0050966076865,3229.0050966076174,6.775735528208315e-11,2.0983972850729585e-14,0.019359788271256728,0.01935978827125695,False,False,0,0
809,3228.9984482388772,3228.9984482388772,3228.9984482389473,3228.9984482388763,7.003109203651547e-11,2.1688177668437562e-14,0.019359121412016456,0.0193591214120169,False,False,0,0
810,3037.848465178141,3037.848465178141,3037.8484651782064,3037.848465178141,6.548361852765083e-11,2.1555920013215482e-14,0.0,0.0,True,True,0,0
811,3037.8422017334215,3037.8422017334215,3037.842201733487,3037.842201733421,6.548361852765083e-11,2.1555964457365116e-14,0.0,0.0,True,True,0,0
812,3228.90299675817,3228.90299675817,3228.9029967582387,3228.90299675817,6.866684998385608e-11,2.1266309348034418e-14,0.019349547178583726,0.019349547178583948,False,False,0,0
813,3228.896299344297,3228.896299344297,3228.8962993443665,3228.8962993442956,6.957634468562901e-11,2.154802701460453e-14,0.019348875392893983,0.019348875392894316,False,False,0,0
814,3037.7548696920876,3037.7548696920876,3037.7548696921535,3037.754869692089,6.59383658785373e-11,2.1706282668298217e-14,0.0,0.0,True,True,0,0
815,3037.7485570397785,3037.7485570397785,3037.748557039843,3037.7485570397785,6.45741238258779e-11,2.1257231338726285e-14,0.0,0.0,True,True,0,0
816,3229.0048183622876,3229.0048183622876,3229.0048183623576,3229.0048183622885,7.003109203651547e-11,2.1688134882385492e-14,0.019359760362093303,0.019359760362093748,False,False,0,0
817,3228.998169497684,3228.998169497684,3228.998169497753,3228.998169497685,6.912159733474255e-11,2.1406514871296412e-14,0.019359093453097054,0.019359093453097387,False,False,0,0
818,3037.848336426666,3037.848336426666,3037.8483364267313,3037.848336426666,6.548361852765083e-11,2.1555920926808325e-14,0.0,0.0,True,True,0,0
819,3037.8420725931082,3037.8420725931082,3037.842072593173,3037.8420725931082,6.45741238258779e-11,2.125657696575251e-14,0.0,0.0,True,True,0,0
820,3228.902744034222,3228.902744034222,3228.9027440342907,3228.9027440342225,6.866684998385608e-11,2.1266311012533503e-14,0.01934952182905636,0.019349521829056693,False,False,0,0
821,3228.896046145567,3228.896046145567,3228.8960461456345,3228.896046145567,6.730260793119669e-11,2.084384475973963e-14,0.01934884999572617,0.01934884999572628,False,False,0,0
822,3037.7547579964953,3037.7547579964953,3037.7547579965617,3037.754757996496,6.639311322942376e-11,2.185598197308425e-14,0.0,0.0,True,True,0,0
823,3037.748444977636,3037.748444977636,3037.748444977703,3037.7484449776366,6.684786058031023e-11,2.2005726211737353e-14,0.0,0.0,True,True,0,0
824,3229.004849598171,3229.004849598171,3229.004849598239,3229.004849598171,6.821210263296962e-11,2.1124806499270738e-14,0.019359763495182314,0.019359763495182536,False,False,0,0
825,3228.9982008773377,3228.9982008773377,3228.998200877408,3228.9982008773386,7.048583938740194e-11,2.1829011663199126e-14,0.01935909660060897,0.019359096600609416,False,False,0,0
826,3037.848354415187,3037.848354415187,3037.848354415253,3037.8483544151873,6.639311322942376e-11,2.185530858804293e-14,0.0,0.0,True,True,0,0
827,3037.8420906936435,3037.8420906936435,3037.8420906937104,3037.842090693643,6.684786058031023e-11,2.2005047854559514e-14,0.0,0.0,True,True,0,0
828,3228.9027752941356,3228.9027752941356,3228.9027752942056,3228.9027752941365,7.003109203651547e-11,2.1688820292873173e-14,0.019349524964588416,0.01934952496458886,False,False,0,0
829,3228.896077550077,3228.896077550077,3228.896077550146,3228.896077550078,6.912159733474255e-11,2.140719170720014e-14,0.019348853145764178,0.01934885314576451,False,False,0,0
830,3037.754776096822,3037.754776096822,3037.754776096889,3037.754776096822,6.730260793119669e-11,2.2155378854402324e-14,0.0,0.0,True,True,0,0
831,3037.7484631907228,3037.7484631907228,3037.7484631907887,3037.748463190724,6.59383658785373e-11,2.1706328446061328e-14,0.0,0.0,True,True,0,0
832,3229.029415235643,3229.029415235643,3229.02941523571,3229.0294152356423,6.730260793119669e-11,2.0842983843268518e-14,0.019362227527675246,0.01936222752767547,False,False,0,0
833,3229.03251250852,3229.03251250852,3229.0325125085888,3229.0325125085196,6.866684998385608e-11,2.126545636126463e-14,0.019362538196194268,0.0193625381961946,False,False,0,0
834,3037.8747449576376,3037.8747449576376,3037.8747449577036,3037.8747449576354,6.59383658785373e-11,2.170542613318159e-14,0.0,0.0,True,True,0,0
835,3037.8763016369285,3037.8763016369285,3037.876301636992,3037.8763016369276,6.366462912410498e-11,2.0956952424230903e-14,1.5700629873993677e-07,1.5700629840686986e-07,False,False,0,0
836,3228.927411925044,3228.927411925044,3228.927411925112,3228.927411925043,6.821210263296962e-11,2.112531312442884e-14,0.019351996143800898,0.01935199614380112,False,False,0,0
837,3228.930535936872,3228.930535936872,3228.930535936941,3228.9305359368727,6.912159733474255e-11,2.140696325468813e-14,0.019352309497609466,0.0193523094976098,False,False,0,0
838,3037.7812581390235,3037.7812581390235,3037.78125813909,3037.781258139025,6.639311322942376e-11,2.1855791312010207e-14,0.0,0.0,True,True,0,0
839,3037.782837769394,3037.782837769394,3037.782837769461,3037.7828377693945,6.684786058031023e-11,2.2005477070044382e-14,0.0,0.0,True,True,0,0
840,3229.029446911022,3229.029446911022,3229.02944691109,3229.0294469110218,6.775735528208315e-11,2.098381460934036e-14,0.019362230704839556,0.019362230704839778,False,False,0,0
841,3229.0325440080114,3229.0325440080114,3229.03254400808,3229.032544008011,6.866684998385608e-11,2.1265456153818266e-14,0.019362541355715357,0.01936254135571558,False,False,0,0
842,3037.8747634641186,3037.8747634641186,3037.874763464187,3037.87476346412,6.821210263296962e-11,2.2453888966504056e-14,0.0,0.0,True,True,0,0
843,3037.8763199864393,3037.8763199864393,3037.876319986505,3037.8763199864397,6.59383658785373e-11,2.1705414879704586e-14,1.5888316640122468e-07,1.5888316629020238e-07,False,False,0,0
844,3228.927443624344,3228.927443624344,3228.927443624413,3228.927443624343,6.912159733474255e-11,2.1406983755929428e-14,0.019351999323397595,0.019351999323397928,False,False,0,0
845,3228.9305674595366,3228.9305674595366,3228.930567459608,3228.930567459538,7.139533408917487e-11,2.2111139461678122e-14,0.01935231265948789,0.019352312659488446,False,False,0,0
846,3037.7812767571063,3037.7812767571063,3037.7812767571713,3037.7812767571063,6.502887117676437e-11,2.1406699578510348e-14,0.0,0.0,True,True,0,0
847,3037.7828562298746,3037.7828562298746,3037.7828562299414,3037.782856229876,6.684786058031023e-11,2.200547693631801e-14,0.0,0.0,True,True,0,0
848,3229.029166981778,3229.029166981778,3229.0291669818453,3229.029166981779,6.730260793119669e-11,2.0842985445716504e-14,0.01936220262684263,0.01936220262684274,False,False,0,0
849,3229.032264806365,3229.032264806365,3229.032264806434,3229.032264806364,6.866684998385608e-11,2.1265457992558136e-14,0.019362513350708155,0.019362513350708488,False,False,0,0
850,3037.874633131847,3037.874633131847,3037.874633131916,3037.8746331318475,6.912159733474255e-11,2.275327512889536e-14,0.0,0.0,True,True,0,0
851,3037.8761902583137,3037.8761902583137,3037.8761902583797,3037.8761902583137,6.59383658785373e-11,2.1705415806603054e-14,1.45614010294004e-07,1.456140100719594e-07,False,False,0,0
852,3228.927189238003,3228.927189238003,3228.927189238074,3228.927189238004,7.09405867382884e-11,2.1970327164617226e-14,0.01935197380718745,0.019351973807188005,False,False,0,0
853,3228.930313776298,3228.930313776298,3228.930313776368,3228.930313776297,7.003109203651547e-11,2.1688635316075063e-14,0.01935228721381055,0.019352287213810992,False,False,0,0
854,3037.7811635185085,3037.7811635185085,3037.7811635185744,3037.781163518509,6.59383658785373e-11,2.1706094787342347e-14,0.0,0.0,True,True,0,0
855,3037.7827435666572,3037.7827435666572,3037.7827435667223,3037.782743566657,6.502887117676437e-11,2.140668924217163e-14,0.0,0.0,True,True,0,0
856,3229.0291986570433,3229.0291986570433,3229.029198657112,3229.0291986570437,6.866684998385608e-11,2.126547818533609e-14,0.019362205803995503,0.019362205803995836,False,False,0,0
857,3229.032296305739,3229.032296305739,3229.0322963058097,3229.032296305739,7.09405867382884e-11,2.196961201640762e-14,0.019362516510217476,0.01936251651021792,False,False,0,0
858,3037.8746516393453,3037.8746516393453,3037.8746516394112,3037.874651639346,6.59383658785373e-11,2.1705426799935007e-14,0.0,0.0,True,True,0,0
859,3037.8762086088354,3037.8762086088354,3037.876208608901,3037.8762086088336,6.548361852765083e-11,2.1555723153589917e-14,1.4749098131705551e-07,1.474909810950109e-07,False,False,0,0
860,3228.9272209371397,3228.9272209371397,3228.9272209372098,3228.927220937141,7.003109203651547e-11,2.1688656090609765e-14,0.019351976986767938,0.019351976986768382,False,False,0,0
861,3228.9303452987942,3228.9303452987942,3228.9303452988624,3228.9303452987942,6.821210263296962e-11,2.1125293932798065e-14,0.0193522903756721,0.01935229037567232,False,False,0,0
862,3037.7811821374294,3037.7811821374294,3037.781182137496,3037.7811821374307,6.684786058031023e-11,2.2005489063327984e-14,0.0,0.0,True,True,0,0
863,3037.782762027975,3037.782762027975,3037.782762028041,3037.782762027974,6.59383658785373e-11,2.1706083365393932e-14,0.0,0.0,True,True,0,0
864,3229.029131953277,3229.029131953277,3229.0291319533467,3229.029131953278,6.957634468562901e-11,2.154714059316646e-14,0.019362199113347023,0.019362199113347467,False,False,0,0
865,3229.032229337564,3229.032229337564,3229.032229337634,3229.0322293375652,7.003109203651547e-11,2.1687950773684547e-14,0.019362509793049876,0.01936250979305032,False,False,0,0
866,3037.878840139547,3037.878840139547,3037.878840139614,3037.878840139547,6.730260793119669e-11,2.215447405009201e-14,4.166553381201865e-07,4.166553381201865e-07,False,False,0,0
867,3037.8803916885117,3037.8803916885117,3037.8803916885777,3037.8803916885113,6.59383658785373e-11,2.1705385787715647e-14,5.75354451082255e-07,5.753544509712327e-07,False,False,0,0
868,3228.927128833542,3228.927128833542,3228.9271288336104,3228.927128833541,6.821210263296962e-11,2.1125314976560022e-14,0.01935196774832071,0.01935196774832093,False,False,0,0
869,3228.9302529513798,3228.9302529513798,3228.9302529514493,3228.9302529513798,6.957634468562901e-11,2.154780042772115e-14,0.019352281112771763,0.019352281112772096,False,False,0,0
870,3037.785363715393,3037.785363715393,3037.785363715459,3037.7853637153935,6.59383658785373e-11,2.17060647753893e-14,0.0,0.0,True,True,0,0
871,3037.78693819448,3037.78693819448,3037.7869381945466,3037.786938194482,6.639311322942376e-11,2.1855750446041257e-14,0.0,0.0,True,True,0,0
872,3229.0291636263714,3229.0291636263714,3229.0291636264433,3229.029163626373,7.185008144006133e-11,2.2251295296251914e-14,0.019362202290282182,0.01936220229028285,False,False,0,0
873,3229.0322608347674,3229.0322608347674,3229.032260834838,3229.032260834768,7.048583938740194e-11,2.1828781409938113e-14,0.019362512952341482,0.019362512952341926,False,False,0,0
874,3037.878858672073,3037.878858672073,3037.8788586721384,3037.878858672073,6.548361852765083e-11,2.1555704349670424e-14,4.1855092491882573e-07,4.185509246967811e-07,False,False,0,0
875,3037.8804100639372,3037.8804100639372,3037.8804100640036,3037.8804100639372,6.639311322942376e-11,2.1855077971296757e-14,5.772339686238581e-07,5.772339685128358e-07,False,False,0,0
876,3228.927160530642,3228.927160530642,3228.927160530711,3228.927160530642,6.866684998385608e-11,2.1266150200975704e-14,0.019351970927696915,0.01935197092769725,False,False,0,0
877,3228.9302844718422,3228.9302844718422,3228.93028447191,3228.9302844718422,6.775735528208315e-11,2.098445903522034e-14,0.019352284274429365,0.019352284274429477,False,False,0,0
878,3037.7853823595988,3037.7853823595988,3037.7853823596647,3037.7853823595997,6.59383658785373e-11,2.170606464216977e-14,0.0,0.0,True,True,0,0
879,3037.786956680955,3037.786956680955,3037.7869566810223,3037.7869566809554,6.730260793119669e-11,2.2155144152942548e-14,0.0,0.0,True,True,0,0
880,3229.028883744722,3229.028883744722,3229.0288837447924,3229.0288837447224,7.048583938740194e-11,2.1828804239638018e-14,0.019362174217058326,0.01936217421705888,False,False,0,0
881,3229.031981680583,3229.031981680583,3229.0319816806505,3229.0319816805836,6.730260793119669e-11,2.0842967277198334e-14,0.01936248495209414,0.01936248495209425,False,False,0,0
882,3037.878728398977,3037.878728398977,3037.878728399043,3037.8787283989786,6.639311322942376e-11,2.1855090069514664e-14,4.0522603017567604e-07,4.0522603006465374e-07,False,False,0,0
883,3037.8802803949875,3037.8802803949875,3037.880280395054,3037.8802803949875,6.639311322942376e-11,2.1855078904159393e-14,5.639708707816382e-07,5.639708706706159e-07,False,False,0,0
884,3228.926906188967,3228.926906188967,3228.9269061890377,3228.92690618897,7.048583938740194e-11,2.1829493647656867e-14,0.0193519454159663,0.019351945415966743,False,False,0,0
885,3228.9300308331376,3228.9300308331376,3228.930030833205,3228.9300308331376,6.730260793119669e-11,2.0843625376988946e-14,0.019352258833218228,0.01935225883321834,False,False,0,0
886,3037.7852691751928,3037.7852691751928,3037.785269175257,3037.7852691751923,6.411937647499144e-11,2.110727743847396e-14,0.0,0.0,True,True,0,0
887,3037.786844071935,3037.786844071935,3037.786844072001,3037.786844071934,6.59383658785373e-11,2.1706054197716595e-14,0.0,0.0,True,True,0,0
888,3229.028915417707,3229.028915417707,3229.0289154177763,3229.028915417709,6.912159733474255e-11,2.140631104438391e-14,0.019362177393982716,0.019362177393982938,False,False,0,0
889,3229.0320131776716,3229.0320131776716,3229.032013177741,3229.0320131776725,6.957634468562901e-11,2.1547121366925635e-14,0.01936248811137431,0.019362488111374643,False,False,0,0
890,3037.878746932516,3037.878746932516,3037.878746932583,3037.878746932515,6.684786058031023e-11,2.2004782333003932e-14,4.0712172066914576e-07,4.0712172055812346e-07,False,False,0,0
891,3037.8802987714207,3037.8802987714207,3037.880298771489,3037.8802987714216,6.821210263296962e-11,2.245384805337933e-14,5.658504914629603e-07,5.658504914629603e-07,False,False,0,0
892,3228.9269378859053,3228.9269378859053,3228.9269378859744,3228.9269378859044,6.912159733474255e-11,2.1406987108849685e-14,0.019351948595326296,0.01935194859532663,False,False,0,0
893,3228.930062353432,3228.930062353432,3228.9300623534996,3228.9300623534305,6.775735528208315e-11,2.09844604787433e-14,0.019352261994858955,0.019352261994859177,False,False,0,0
894,3037.7852878202348,3037.7852878202348,3037.7852878203016,3037.7852878202357,6.684786058031023e-11,2.2005459322069298e-14,0.0,0.0,True,True,0,0
895,3037.7868625592428,3037.7868625592428,3037.7868625593105,3037.7868625592437,6.775735528208315e-11,2.2304841763980156e-14,0.0,0.0,True,True,0,0
896,9834.849349008258,9834.849349008258,9834.849349008262,9834.849349008255,3.637978807091713e-12,3.6990691753286123e-16,0.5010374270059026,0.5010374270059028,False,False,1,1
897,9834.844795944864,9834.844795944864,9834.844795944875,9834.844795944864,1.0913936421275139e-11,1.1097212663462872e-15,0.5010371946353998,0.5010371946354002,False,False,1,1
898,9321.63576620977,9321.63576620977,9321.635766209767,9321.635766209765,3.637978807091713e-12,3.902725764376155e-16,0.47414536701355126,0.4741453670135506,False,False,1,1
899,9321.630899675216,9321.630899675216,9321.630899675223,9321.630899675221,7.275957614183426e-12,7.805455603736605e-16,0.4741451052586314,0.4741451052586314,False,False,0,0
900,9834.760887400562,9834.760887400562,9834.760887400573,9834.760887400564,1.0913936421275139e-11,1.1097307343035773e-15,0.5010329122529336,0.501032912252934,False,False,1,1
901,9834.75632255776,9834.75632255776,9834.756322557765,9834.75632255776,5.4569682106375694e-12,5.548656246948428e-16,0.5010326792791477,0.501032679279148,False,False,1,1
902,9321.541824516404,9321.541824516404,9321.541824516406,9321.541824516404,1.8189894035458565e-12,1.9513825478546562e-16,0.4741403141752023,0.4741403141752021,False,False,0,0
903,9321.536944864441,9321.536944864441,9321.536944864441,9321.536944864434,0.0,0.0,0.4741400517122183,0.47414005171221785,False,False,0,0
904,9834.849324920626,9834.849324920626,9834.849324920631,9834.849324920626,5.4569682106375694e-12,5.548603776582625e-16,0.5010374257765646,0.5010374257765648,False,False,1,1
905,9834.844771849223,9834.844771849223,9834.84477184923,9834.84477184922,7.275957614183426e-12,7.398141793767569e-16,0.5010371934056523,0.5010371934056527,False,False,1,1
906,9321.635752902086,9321.635752902086,9321.635752902088,9321.635752902086,1.8189894035458565e-12,1.9513628849738673e-16,0.4741453662977747,0.4741453662977744,False,False,0,0
907,9321.63088636697,9321.63088636697,9321.630886366967,9321.630886366967,1.8189894035458565e-12,1.9513639037200635e-16,0.4741451045428243,0.4741451045428239,False,False,0,0
908,9834.760863385161,9834.760863385161,9834.760863385165,9834.760863385161,3.637978807091713e-12,3.6991024567113933e-16,0.5010329110272709,0.501032911027271,False,False,1,1
909,9834.756298534354,9834.756298534354,9834.756298534357,9834.756298534354,3.637978807091713e-12,3.6991041736681055e-16,0.5010326780530759,0.501032678053076,False,False,1,1
910,9321.541811272064,9321.541811272064,9321.54181127207,9321.541811272067,7.275957614183426e-12,7.805530202508964e-16,0.47414031346282615,0.47414031346282615,False,False,0,0
911,9321.536931619561,9321.536931619561,9321.536931619568,9321.536931619568,7.275957614183426e-12,7.80553428855993e-16,0.4741400509998126,0.4741400509998126,False,False,0,0
912,9834.849116341047,9834.849116341047,9834.849116341047,9834.849116341045,0.0,0.0,0.5010374151314831,0.5010374151314829,False,False,1,1
913,9834.844563137724,9834.844563137724,9834.844563137733,9834.844563137725,9.094947017729282e-12,9.247677438460307e-16,0.5010371827538332,0.5010371827538336,False,False,1,1
914,9321.63542011196,9321.63542011196,9321.635420111963,9321.635420111956,3.637978807091713e-12,3.902725909278285e-16,0.4741453483980902,0.4741453483980901,False,False,0,0
915,9321.6305534137,9321.6305534137,9321.6305534137,9321.630553413703,0.0,0.0,0.47414508663435617,0.47414508663435584,False,False,0,0
916,9834.760663035751,9834.760663035751,9834.760663035757,9834.76066303575,5.4569682106375694e-12,5.548653798101817e-16,0.5010329008021324,0.5010329008021325,False,False,1,1
917,9834.756098055019,9834.756098055019,9834.756098055028,9834.756098055019,9.094947017729282e-12,9.247760622683817e-16,0.5010326678213017,0.5010326678213021,False,False,1,1
918,9321.541489089104,9321.541489089104,9321.54148908911,9321.541489089106,5.4569682106375694e-12,5.854147854220213e-16,0.47414029613349973,0.4741402961334996,False,False,0,0
919,9321.53660927578,9321.53660927578,9321.53660927578,9321.536609275783,0.0,0.0,0.47414003366182744,0.474140033661827,False,False,0,0
920,9834.849092254371,9834.849092254371,9834.849092254382,9834.849092254375,1.0913936421275139e-11,1.1097207815695526e-15,0.5010374139021939,0.5010374139021944,False,False,1,1
921,9834.844539043035,9834.844539043035,9834.84453904305,9834.844539043037,1.4551915228366852e-11,1.4796283937786355e-15,0.5010371815241346,0.5010371815241352,False,False,1,1
922,9321.635406805312,9321.635406805312,9321.635406805322,9321.635406805317,1.0913936421275139e-11,1.1708177744548286e-15,0.4741453476823695,0.4741453476823697,False,False,0,0
923,9321.630540106487,9321.630540106487,9321.630540106496,9321.63054010649,9.094947017729282e-12,9.756819881026281e-16,0.4741450859186046,0.4741450859186047,False,False,0,0
924,9834.760639021271,9834.760639021271,9834.760639021282,9834.760639021271,1.0913936421275139e-11,1.109730762330099e-15,0.5010328995765165,0.501032899576517,False,False,1,1
925,9834.756074032543,9834.756074032543,9834.75607403255,9834.756074032543,7.275957614183426e-12,7.398208516217994e-16,0.5010326665952772,0.5010326665952776,False,False,1,1
926,9321.541475845785,9321.541475845785,9321.541475845788,9321.541475845785,3.637978807091713e-12,3.9027652416915536e-16,0.4741402954211784,0.4741402954211782,False,False,0,0
927,9321.536596031916,9321.536596031916,9321.53659603192,9321.536596031914,3.637978807091713e-12,3.902767284784745e-16,0.4741400329494764,0.47414003294947615,False,False,0,0
928,9834.852976627075,9834.852976627075,9834.85297662708,9834.85297662707,5.4569682106375694e-12,5.548601716371634e-16,0.5010376121452655,0.5010376121452657,False,False,1,1
929,9834.848424674641,9834.848424674641,9834.848424674647,9834.848424674641,5.4569682106375694e-12,5.548604284481481e-16,0.501037379831548,0.5010373798315482,False,False,1,1
930,9321.636269999934,9321.636269999934,9321.636269999935,9321.636269999928,1.8189894035458565e-12,1.951362776726182e-16,0.47414539411076295,0.4741453941107626,False,False,1,1
931,9321.63140389453,9321.63140389453,9321.631403894531,9321.63140389453,1.8189894035458565e-12,1.9513637953823101e-16,0.4741451323789393,0.47414513237893907,False,False,0,0
932,9834.764517768765,9834.764517768765,9834.764517768783,9834.764517768766,1.8189894035458565e-11,1.8495505411028707e-15,0.5010330975342907,0.5010330975342916,False,False,1,1
933,9834.759954038676,9834.759954038676,9834.759954038684,9834.759954038676,7.275957614183426e-12,7.398205597479301e-16,0.5010328646173805,0.5010328646173807,False,False,1,1
934,9321.542329462833,9321.542329462833,9321.54232946283,9321.542329462827,1.8189894035458565e-12,1.951382442148582e-16,0.4741403413348668,0.4741403413348664,False,False,0,0
935,9321.537450241063,9321.537450241063,9321.537450241067,9321.537450241061,3.637978807091713e-12,3.902766927142078e-16,0.4741400788950352,0.47414007889503507,False,False,0,0
936,9834.852952540461,9834.852952540461,9834.852952540472,9834.852952540465,1.0913936421275139e-11,1.109720345992151e-15,0.50103761091598,0.5010376109159804,False,False,1,1
937,9834.848400580018,9834.848400580018,9834.84840058003,9834.848400580016,1.0913936421275139e-11,1.1097208596150265e-15,0.5010373786018529,0.5010373786018534,False,False,1,1
938,9321.636256692278,9321.636256692278,9321.636256692283,9321.636256692283,5.4569682106375694e-12,5.854088338535896e-16,0.47414539339498807,0.47414539339498796,False,False,1,1
939,9321.631390586314,9321.631390586314,9321.631390586324,9321.631390586317,1.0913936421275139e-11,1.1708182789009273e-15,0.474145131663134,0.4741451316631341,False,False,0,0
940,9834.764493754385,9834.764493754385,9834.764493754392,9834.76449375438,7.275957614183426e-12,7.398202182476309e-16,0.5010330963086806,0.5010330963086809,False,False,1,1
941,9834.759930016304,9834.759930016304,9834.759930016307,9834.759930016302,3.637978807091713e-12,3.6991028077750755e-16,0.5010328633913619,0.5010328633913619,False,False,1,1
942,9321.542316218534,9321.542316218534,9321.542316218536,9321.542316218534,1.8189894035458565e-12,1.9513824449211584e-16,0.4741403406224929,0.47414034062249255,False,False,0,0
943,9321.537436996232,9321.537436996232,9321.537436996234,9321.537436996237,1.8189894035458565e-12,1.9513834663437305e-16,0.47414007818263215,0.47414007818263193,False,False,0,0
944,9834.852744008078,9834.852744008078,9834.852744008089,9834.852744008085,1.0913936421275139e-11,1.1097203695220027e-15,0.501037600273311,0.5010376002733115,False,False,1,1
945,9834.848191915731,9834.848191915731,9834.848191915742,9834.848191915737,1.0913936421275139e-11,1.1097208831597836e-15,0.5010373679524474,0.5010373679524478,False,False,1,1
946,9321.635923927606,9321.635923927606,9321.635923927608,9321.635923927606,1.8189894035458565e-12,1.9513628491719054e-16,0.4741453754966737,0.47414537549667335,False,False,1,1
947,9321.631057658511,9321.631057658511,9321.631057658515,9321.63105765851,3.637978807091713e-12,3.902727735724751e-16,0.4741451137560364,0.4741451137560362,False,False,0,0
948,9834.764293451886,9834.764293451886,9834.764293451894,9834.76429345189,7.275957614183426e-12,7.398202333153879e-16,0.50103308608594,0.5010330860859402,False,False,1,1
949,9834.759729583877,9834.759729583877,9834.759729583884,9834.759729583871,7.275957614183426e-12,7.398205766325597e-16,0.5010328531619854,0.5010328531619856,False,False,1,1
950,9321.541994060799,9321.541994060799,9321.541994060804,9321.5419940608,5.4569682106375694e-12,5.854147537086099e-16,0.47414032329452416,0.47414032329452405,False,False,0,0
951,9321.537114677685,9321.537114677685,9321.537114677683,9321.537114677682,1.8189894035458565e-12,1.951383533818341e-16,0.47414006084600524,0.4741400608460047,False,False,0,0
952,9834.852719922435,9834.852719922435,9834.852719922452,9834.852719922437,1.6370904631912708e-11,1.6645805583595758e-15,0.501037599044075,0.5010375990440759,False,False,1,1
953,9834.848167822078,9834.848167822078,9834.848167822083,9834.848167822081,5.4569682106375694e-12,5.54860442939203e-16,0.5010373667228019,0.5010373667228021,False,False,1,1
954,9321.635910621004,9321.635910621004,9321.635910621002,9321.635910621006,1.8189894035458565e-12,1.9513628519574694e-16,0.4741453747809554,0.47414537478095486,False,False,1,1
955,9321.631044351343,9321.631044351343,9321.631044351348,9321.63104435134,5.4569682106375694e-12,5.85409161194418e-16,0.4741451130402873,0.47414511304028717,False,False,0,0
956,9834.764269438429,9834.764269438429,9834.764269438438,9834.76426943843,9.094947017729282e-12,9.247752939022504e-16,0.5010330848603769,0.5010330848603772,False,False,1,1
957,9834.75970556243,9834.75970556243,9834.759705562432,9834.759705562428,1.8189894035458565e-12,1.8495514460989382e-16,0.501032851936014,0.501032851936014,False,False,1,1
958,9321.541980817521,9321.541980817521,9321.54198081752,9321.541980817521,1.8189894035458565e-12,1.9513825151343973e-16,0.47414032258220506,0.4741403225822045,False,False,0,0
959,9321.537101433862,9321.537101433862,9321.537101433869,9321.537101433865,7.275957614183426e-12,7.80553414636328e-16,0.4741400601336564,0.4741400601336564,False,False,0,0
960,9834.868715940886,9834.868715940886,9834.868715940891,9834.86871594089,5.4569682106375694e-12,5.548592836620806e-16,0.5010384154169962,0.5010384154169965,False,False,1,1
961,9834.869399127687,9834.869399127687,9834.869399127692,9834.86939912769,5.4569682106375694e-12,5.548592451183518e-16,0.5010384502840933,0.5010384502840934,False,False,1,1
962,9321.652423313228,9321.652423313228,9321.652423313231,9321.652423313231,3.637978807091713e-12,3.902718790493855e-16,0.4741462629434844,0.47414626294348416,False,False,1,1
963,9321.653882234146,9321.653882234146,9321.653882234155,9321.653882234148,9.094947017729282e-12,9.756795449209987e-16,0.4741463414138928,0.4741463414138928,False,False,1,1
964,9834.7802790325,9834.7802790325,9834.780279032502,9834.780279032499,1.8189894035458565e-12,1.84954757700474e-16,0.5010339019335353,0.5010339019335353,False,False,1,1
965,9834.780967356393,9834.780967356393,9834.780967356402,9834.780967356399,9.094947017729282e-12,9.247737237786204e-16,0.5010339370631265,0.5010339370631269,False,False,1,1
966,9321.558505553117,9321.558505553117,9321.558505553117,9321.558505553121,0.0,0.0,0.4741412114010456,0.47414121140104515,False,False,0,0
967,9321.559970806618,9321.559970806618,9321.559970806611,9321.559970806617,7.275957614183426e-12,7.805514996385115e-16,0.47414129021281914,0.47414129021281837,False,False,0,0
968,9834.86869196374,9834.86869196374,9834.868691963751,9834.868691963744,1.0913936421275139e-11,1.1097185700296246e-15,0.5010384141932995,0.5010384141933,False,False,1,1
969,9834.869375150858,9834.869375150858,9834.869375150867,9834.869375150854,9.094947017729282e-12,9.247654107851092e-16,0.5010384490604127,0.5010384490604132,False,False,1,1
970,9321.652410110952,9321.652410110952,9321.65241011096,9321.652410110955,9.094947017729282e-12,9.756796990053205e-16,0.47414626223337863,0.47414626223337875,False,False,1,1
971,9321.65386902598,9321.65386902598,9321.653869025988,9321.65386902598,7.275957614183426e-12,7.805436370427778e-16,0.4741463407034703,0.4741463407034704,False,False,1,1
972,9834.78025512753,9834.78025512753,9834.78025512754,9834.780255127529,9.094947017729282e-12,9.247737907501765e-16,0.501033900713511,0.5010339007135113,False,False,1,1
973,9834.780943451718,9834.780943451718,9834.780943451728,9834.780943451722,9.094947017729282e-12,9.247737260263995e-16,0.5010339358431173,0.5010339358431177,False,False,1,1
974,9321.558492414144,9321.558492414144,9321.558492414148,9321.558492414144,3.637978807091713e-12,3.902758117167089e-16,0.4741412106943379,0.4741412106943378,False,False,0,0
975,9321.559957661724,9321.559957661724,9321.559957661731,9321.559957661728,7.275957614183426e-12,7.805515007392137e-16,0.47414128950579315,0.47414128950579315,False,False,0,0
976,9834.868482785105,9834.868482785105,9834.86848278512,9834.868482785107,1.4551915228366852e-11,1.479624791509761e-15,0.5010384035176656,0.5010384035176663,False,False,1,1
977,9834.86916617734,9834.86916617734,9834.86916617735,9834.869166177337,1.0913936421275139e-11,1.1097185165216798e-15,0.501038438395248,0.5010384383952484,False,False,1,1
978,9321.65207665854,9321.65207665854,9321.65207665854,9321.65207665854,0.0,0.0,0.4741462442981027,0.47414624429810226,False,False,1,1
979,9321.65353581543,9321.65353581543,9321.653535815429,9321.653535815432,1.8189894035458565e-12,1.9513591623599606e-16,0.47414632278120594,0.4741463227812055,False,False,1,1
980,9834.780054180219,9834.780054180219,9834.780054180226,9834.780054180219,7.275957614183426e-12,7.398190477163559e-16,0.5010338904578779,0.5010338904578782,False,False,1,1
981,9834.780742707482,9834.780742707482,9834.780742707488,9834.780742707484,5.4569682106375694e-12,5.54864246941542e-16,0.5010339255978493,0.5010339255978494,False,False,1,1
982,9321.558169569747,9321.558169569747,9321.55816956975,9321.558169569751,1.8189894035458565e-12,1.951379126167932e-16,0.47414119332946436,0.47414119332946403,False,False,0,0
983,9321.559635056918,9321.559635056918,9321.559635056923,9321.55963505692,5.4569682106375694e-12,5.854136458146733e-16,0.47414127215380897,0.47414127215380886,False,False,0,0
984,9834.868458808929,9834.868458808929,9834.868458808936,9834.86845880893,7.275957614183426e-12,7.398123975584509e-16,0.5010384022940182,0.5010384022940186,False,False,1,1
985,9834.869142201465,9834.869142201465,9834.869142201474,9834.869142201467,9.094947017729282e-12,9.24765432689167e-16,0.5010384371716161,0.5010384371716166,False,False,1,1
986,9321.652063457317,9321.652063457317,9321.652063457317,9321.652063457319,0.0,0.0,0.4741462435880536,0.47414624358805324,False,False,1,1
987,9321.653522608303,9321.653522608303,9321.653522608303,9321.653522608305,0.0,0.0,0.4741463220708394,0.47414632207083895,False,False,1,1
988,9834.780030276173,9834.780030276173,9834.780030276183,9834.780030276172,9.094947017729282e-12,9.24773811893165e-16,0.5010338892379007,0.5010338892379012,False,False,1,1
989,9834.780718803731,9834.780718803731,9834.780718803739,9834.780718803737,7.275957614183426e-12,7.398189977202098e-16,0.5010339243778873,0.5010339243778875,False,False,1,1
990,9321.558156431785,9321.558156431785,9321.558156431787,9321.558156431787,1.8189894035458565e-12,1.9513791289182387e-16,0.47414119262281107,0.47414119262281074,False,False,0,0
991,9321.559621913038,9321.559621913038,9321.559621913042,9321.55962191304,3.637978807091713e-12,3.9027576442675793e-16,0.4741412714468376,0.4741412714468374,False,False,0,0
992,9834.872345337475,9834.872345337475,9834.87234533749,9834.872345337479,1.4551915228366852e-11,1.4796242104012275e-15,0.5010386006467227,0.5010386006467233,False,False,1,1
993,9834.87302722826,9834.87302722826,9834.873027228272,9834.873027228263,1.2732925824820995e-11,1.2946710943363822e-15,0.5010386354476635,0.5010386354476639,False,False,1,1
994,9321.652927684641,9321.652927684641,9321.65292768464,9321.652927684647,1.8189894035458565e-12,1.9513592896637337e-16,0.47414629007191356,0.474146290071913,False,False,1,1
995,9321.6543861164,9321.6543861164,9321.654386116403,9321.654386116401,3.637978807091713e-12,3.902717968722472e-16,0.47414636851600744,0.47414636851600733,False,False,1,1
996,9834.783911180055,9834.783911180055,9834.78391118006,9834.783911180059,5.4569682106375694e-12,5.54864068180914e-16,0.5010340873053366,0.5010340873053367,False,False,1,1
997,9834.784598206264,9834.784598206264,9834.78459820628,9834.784598206266,1.6370904631912708e-11,1.6645920882597183e-15,0.5010341223686857,0.5010341223686865,False,False,1,1
998,9321.559011081885,9321.559011081885,9321.55901108189,9321.55901108189,5.4569682106375694e-12,5.854136850016268e-16,0.474141238591986,0.474141238591986,False,False,0,0
999,9321.560475845163,9321.560475845163,9321.560475845166,9321.560475845165,3.637978807091713e-12,3.9027572867426633e-16,0.47414131737738785,0.4741413173773876,False,False,0,0
1000,9834.872321361381,9834.872321361381,9834.872321361398,9834.872321361383,1.6370904631912708e-11,1.6645772407593958e-15,0.50103859942308,0.5010385994230808,False,False,1,1
1001,9834.87300325246,9834.87300325246,9834.873003252475,9834.873003252464,1.4551915228366852e-11,1.4796241114200877e-15,0.5010386342240358,0.5010386342240365,False,False,1,1
1002,9321.65291448242,9321.65291448242,9321.652914482424,9321.652914482418,3.637978807091713e-12,3.9027185848548714e-16,0.4741462893618108,0.4741462893618106,False,False,1,1
1003,9321.654372908271,9321.654372908271,9321.654372908273,9321.654372908273,1.8189894035458565e-12,1.9513589871261746e-16,0.47414636780558717,0.47414636780558694,False,False,1,1
1004,9834.783887276122,9834.783887276122,9834.78388727613,9834.783887276124,7.275957614183426e-12,7.398187593727183e-16,0.5010340860853657,0.5010340860853659,False,False,1,1
1005,9834.784574302632,9834.784574302632,9834.78457430264,9834.784574302632,7.275957614183426e-12,7.398187076913524e-16,0.5010341211487304,0.5010341211487306,False,False,1,1
1006,9321.558997942968,9321.558997942968,9321.558997942973,9321.558997942968,5.4569682106375694e-12,5.854136858267787e-16,0.4741412378852814,0.4741412378852813,False,False,0,0
1007,9321.560462700323,9321.560462700323,9321.560462700325,9321.560462700321,1.8189894035458565e-12,1.9513786461230772e-16,0.47414131667036474,0.4741413166703645,False,False,0,0
1008,9834.872112229943,9834.872112229943,9834.872112229958,9834.872112229947,1.4551915228366852e-11,1.4796242454714901e-15,0.501038588749859,0.5010385887498595,False,False,1,1
1009,9834.872794326144,9834.872794326144,9834.872794326147,9834.872794326147,3.637978807091713e-12,3.699060357130908e-16,0.501038623561284,0.5010386235612843,False,False,1,1
1010,9321.652581055476,9321.652581055476,9321.652581055476,9321.652581055476,0.0,0.0,0.47414627142790555,0.4741462714279051,False,False,1,1
1011,9321.654039723171,9321.654039723171,9321.65403972318,9321.65403972317,9.094947017729282e-12,9.756795284369263e-16,0.4741463498846926,0.4741463498846926,False,False,1,1
1012,9834.783686375718,9834.783686375718,9834.783686375722,9834.78368637572,3.637978807091713e-12,3.699093872426967e-16,0.5010340758321304,0.5010340758321306,False,False,1,1
1013,9834.784373605284,9834.784373605284,9834.784373605298,9834.78437360529,1.4551915228366852e-11,1.4796374455774994e-15,0.5010341109058589,0.5010341109058596,False,False,1,1
1014,9321.55867512381,9321.55867512381,9321.558675123815,9321.558675123813,5.4569682106375694e-12,5.854137061005075e-16,0.4741412205217662,0.4741412205217661,False,False,0,0
1015,9321.56014012075,9321.56014012075,9321.560140120757,9321.560140120753,7.275957614183426e-12,7.805514854607986e-16,0.4741412993197387,0.4741412993197387,False,False,0,0
1016,9834.872088254819,9834.872088254819,9834.872088254815,9834.872088254819,3.637978807091713e-12,3.699060622696178e-16,0.5010385875262657,0.5010385875262654,False,False,1,1
1017,9834.872770351307,9834.872770351307,9834.872770351314,9834.872770351305,7.275957614183426e-12,7.398120732296488e-16,0.5010386223377057,0.5010386223377059,False,False,1,1
1018,9321.65256785429,9321.65256785429,9321.652567854298,9321.652567854293,9.094947017729282e-12,9.756796824946245e-16,0.4741462707178584,0.47414627071785853,False,False,1,1
1019,9321.654026516087,9321.654026516087,9321.654026516091,9321.654026516087,3.637978807091713e-12,3.9027181192771474e-16,0.4741463491743284,0.4741463491743282,False,False,1,1
1020,9834.783662472712,9834.783662472712,9834.783662472722,9834.783662472715,1.0913936421275139e-11,1.1097281644252345e-15,0.5010340746122068,0.5010340746122073,False,False,1,1
1021,9834.784349702573,9834.784349702573,9834.784349702579,9834.784349702575,5.4569682106375694e-12,5.548640434401185e-16,0.5010341096859505,0.5010341096859507,False,False,1,1
1022,9321.558661985904,9321.558661985904,9321.558661985906,9321.558661985906,1.8189894035458565e-12,1.9513790230853205e-16,0.47414121981511603,0.4741412198151157,False,False,0,0
1023,9321.560126976918,9321.560126976918,9321.560126976925,9321.560126976918,7.275957614183426e-12,7.805514865614123e-16,0.4741412986127699,0.4741412986127699,False,False,0,0
