vertex_index,old_full_qmi_raw_score,archived_raw_score,new_dynamics_raw_score,dynamics_score_from_qmi_block,absolute_difference,relative_difference,old_processed_score,new_processed_score,old_anchor,new_anchor,old_tier,new_tier
0,3687.8316683310622,3687.8316683310622,3687.831668331021,3687.831668331062,4.1382008930668235e-11,1.1221230428176178e-14,0.6292515700137873,0.6292515700137868,False,False,2,2
1,3687.8402329563887,3687.8402329563887,3687.840232956348,3687.840232956389,4.092726157978177e-11,1.1097894429925475e-14,0.6292525223583498,0.6292525223583496,False,False,2,2
2,3687.7205217143173,3687.7205217143173,3687.7205217142755,3687.7205217143164,4.18367562815547e-11,1.1344882573179914e-14,0.6292392108302481,0.6292392108302478,False,False,2,2
3,3687.7290684002937,3687.7290684002937,3687.729068400251,3687.7290684002937,4.274625098332763e-11,1.1591483590704942e-14,0.6292401612117258,0.6292401612117253,False,False,2,2
4,3559.771738653203,3559.771738653203,3559.7717386531617,3559.7717386532045,4.1382008930668235e-11,1.1624905181792532e-14,0.6147349198318146,0.614734919831814,False,False,1,1
5,3559.7780869137177,3559.7780869137177,3559.7780869136764,3559.778086913719,4.1382008930668235e-11,1.162488445074561e-14,0.6147356533669979,0.6147356533669974,False,False,1,1
6,3559.6563164696404,3559.6563164696404,3559.6563164695954,3559.656316469641,4.501998773775995e-11,1.264728494418512e-14,0.614721582669851,0.6147215826698502,False,False,1,1
7,3559.6626457228313,3559.6626457228313,3559.662645722792,3559.662645722833,3.9108272176235914e-11,1.098651082096981e-14,0.6147223140340767,0.6147223140340766,False,False,1,1
8,3687.8311742026444,3687.8311742026444,3687.8311742025994,3687.831174202644,4.501998773775995e-11,1.2207713859757648e-14,0.6292515150690426,0.6292515150690419,False,False,2,2
9,3687.8397402878995,3687.8397402878995,3687.8397402878577,3687.8397402878995,4.18367562815547e-11,1.1344515821690403e-14,0.6292524675760831,0.6292524675760828,False,False,2,2
10,3687.720027754939,3687.720027754939,3687.7200277548995,3687.7200277549396,3.956301952712238e-11,1.0728314305142112e-14,0.6292391559024689,0.6292391559024688,False,False,2,2
11,3687.7285759006027,3687.7285759006027,3687.7285759005595,3687.728575900601,4.320099833421409e-11,1.1714798810447624e-14,0.6292401064464027,0.6292401064464022,False,False,2,2
12,3559.771239226893,3559.771239226893,3559.771239226849,3559.771239226893,4.411049303598702e-11,1.2391384185003664e-14,0.6147348621235423,0.6147348621235416,False,False,1,1
13,3559.7775889524237,3559.7775889524237,3559.7775889523787,3559.7775889524232,4.501998773775995e-11,1.2646854083658775e-14,0.6147355958281165,0.6147355958281155,False,False,1,1
14,3559.6558172265923,3559.6558172265923,3559.6558172265513,3559.655817226594,4.092726157978177e-11,1.1497533379974112e-14,0.6147215249807576,0.6147215249807572,False,False,1,1
15,3559.6621479445275,3559.6621479445275,3559.6621479444852,3559.6621479445284,4.229150363244116e-11,1.188076336313595e-14,0.6147222565143482,0.6147222565143476,False,False,1,1
16,3687.8279441920367,3687.8279441920367,3687.8279441919954,3687.827944192036,4.1382008930668235e-11,1.1221241759893055e-14,0.6292511559069288,0.6292511559069285,False,False,2,2
17,3687.8365107533664,3687.8365107533664,3687.8365107533245,3687.8365107533646,4.18367562815547e-11,1.1344525756378532e-14,0.6292521084678293,0.6292521084678289,False,False,2,2
18,3687.7168012145144,3687.7168012145144,3687.716801214472,3687.716801214515,4.229150363244116e-11,1.146820808433903e-14,0.6292387971142633,0.629238797114263,False,False,2,2
19,3687.725349836074,3687.725349836074,3687.7253498360337,3687.725349836074,4.0472514228895307e-11,1.0974926381297451e-14,0.6292397477120362,0.6292397477120358,False,False,2,2
20,3559.7634553468197,3559.7634553468197,3559.7634553467756,3559.7634553468215,4.411049303598702e-11,1.2391411280356951e-14,0.6147339627019072,0.6147339627019064,False,False,1,1
21,3559.7698064012448,3559.7698064012448,3559.7698064012015,3559.769806401245,4.320099833421409e-11,1.2135896612339722e-14,0.6147346965617468,0.6147346965617462,False,False,1,1
22,3559.6480384927254,3559.6480384927254,3559.6480384926817,3559.648038492725,4.3655745685100555e-11,1.2264062405334282e-14,0.6147206261226479,0.6147206261226471,False,False,1,1
23,3559.6543705395047,3559.6543705395047,3559.6543705394615,3559.6543705395025,4.320099833421409e-11,1.2136290166751922e-14,0.6147213578114973,0.6147213578114966,False,False,1,1
24,3687.8274501157775,3687.8274501157775,3687.827450115736,3687.8274501157784,4.1382008930668235e-11,1.1221243263257631e-14,0.6292511009679226,0.6292511009679223,False,False,2,2
25,3687.8360181370117,3687.8360181370117,3687.8360181369694,3687.8360181370126,4.229150363244116e-11,1.1467837350806506e-14,0.6292520536912986,0.629252053691298,False,False,2,2
26,3687.716307307247,3687.716307307247,3687.7163073072043,3687.716307307247,4.274625098332763e-11,1.1591523702250495e-14,0.6292387421922176,0.6292387421922172,False,False,2,2
27,3687.7248573884644,3687.7248573884644,3687.7248573884217,3687.7248573884635,4.274625098332763e-11,1.1591496827016329e-14,0.6292396929524433,0.6292396929524429,False,False,2,2
28,3559.7629560030655,3559.7629560030655,3559.7629560030205,3559.7629560030623,4.501998773775995e-11,1.26469060704842e-14,0.6147339050030307,0.6147339050030299,False,False,1,1
29,3559.769308522471,3559.769308522471,3559.7693085224314,3559.7693085224732,3.956301952712238e-11,1.1113927925723796e-14,0.6147346390322578,0.6147346390322576,False,False,1,1
30,3559.6475393321716,3559.6475393321716,3559.64753933213,3559.647539332174,4.18367562815547e-11,1.1753061453214474e-14,0.6147205684429435,0.6147205684429431,False,False,1,1
31,3559.6538728436553,3559.6538728436553,3559.6538728436126,3559.6538728436544,4.274625098332763e-11,1.2008541422927583e-14,0.6147213003011539,0.6147213003011534,False,False,1,1
32,3687.8324053871565,3687.8324053871565,3687.8324053871183,3687.832405387158,3.8198777474462986e-11,1.0358056786599769e-14,0.6292516519709261,0.6292516519709261,False,False,2,2
33,3687.8409719073334,3687.8409719073334,3687.8409719072915,3687.8409719073334,4.18367562815547e-11,1.1344512032989572e-14,0.6292526045259761,0.6292526045259758,False,False,2,2
34,3687.7212411506616,3687.7212411506616,3687.721241150617,3687.72124115066,4.4565240386873484e-11,1.2084763861643732e-14,0.6292392908308215,0.6292392908308209,False,False,2,2
35,3687.729789707358,3687.729789707358,3687.7297897073163,3687.7297897073586,4.18367562815547e-11,1.1344854061250154e-14,0.6292402414201157,0.6292402414201153,False,False,2,2
36,3559.7726293644446,3559.7726293644446,3559.7726293644005,3559.7726293644455,4.411049303598702e-11,1.2391379346006834e-14,0.6147350227526961,0.6147350227526953,False,False,1,1
37,3559.7789797836126,3559.7789797836126,3559.77897978357,3559.7789797836117,4.274625098332763e-11,1.2008119387773347e-14,0.6147357565371134,0.6147357565371129,False,False,1,1
38,3559.657186542603,3559.657186542603,3559.6571865425603,3559.657186542603,4.274625098332763e-11,1.2008530244128897e-14,0.6147216832094788,0.6147216832094782,False,False,1,1
39,3559.663517927631,3559.663517927631,3559.663517927589,3559.6635179276336,4.18367562815547e-11,1.1753008696145323e-14,0.6147224148198535,0.614722414819853,False,False,1,1
40,3687.8319112830354,3687.8319112830354,3687.831911282994,3687.831911283033,4.1382008930668235e-11,1.1221229688928799e-14,0.6292515970288953,0.629251597028895,False,False,2,2
41,3687.840479263171,3687.840479263171,3687.840479263129,3687.840479263171,4.18367562815547e-11,1.1344513548458492e-14,0.6292525497464265,0.6292525497464262,False,False,2,2
42,3687.7207472155033,3687.7207472155033,3687.7207472154605,3687.7207472155037,4.274625098332763e-11,1.1591509746393934e-14,0.6292392359057475,0.6292392359057469,False,False,2,2
43,3687.7292972319174,3687.7292972319174,3687.7292972318783,3687.7292972319174,3.9108272176235914e-11,1.0604973690881095e-14,0.629240186657501,0.629240186657501,False,False,2,2
44,3559.772129963012,3559.772129963012,3559.772129962971,3559.772129963014,4.092726157978177e-11,1.1497157707172404e-14,0.614734965047314,0.6147349650473135,False,False,1,1
45,3559.7784818472314,3559.7784818472314,3559.7784818471882,3559.77848184723,4.320099833421409e-11,1.2135867036253428e-14,0.6147356990011261,0.6147356990011256,False,False,1,1
46,3559.6566873243737,3559.6566873243737,3559.656687324333,3559.6566873243746,4.092726157978177e-11,1.149753056959683e-14,0.6147216255232683,0.6147216255232679,False,False,1,1
47,3559.6630201741773,3559.6630201741773,3559.6630201741336,3559.663020174178,4.3655745685100555e-11,1.2264010789134878e-14,0.6147223573030116,0.6147223573030108,False,False,1,1
48,3687.828681207616,3687.828681207616,3687.828681207574,3687.8286812076176,4.18367562815547e-11,1.1344549841684848e-14,0.6292512378596542,0.6292512378596538,False,False,2,2
49,3687.83724966372,3687.83724966372,3687.8372496636794,3687.837249663721,4.0472514228895307e-11,1.097459336975509e-14,0.6292521906310337,0.6292521906310334,False,False,2,2
50,3687.7175206099528,3687.7175206099528,3687.717520609911,3687.717520609952,4.18367562815547e-11,1.1344891805767935e-14,0.6292388771103774,0.629238877110377,False,False,2,2
51,3687.7260711021663,3687.7260711021663,3687.726071102124,3687.7260711021654,4.229150363244116e-11,1.1468179256546927e-14,0.6292398279159593,0.629239827915959,False,False,2,2
52,3559.7643460291492,3559.7643460291492,3559.764346029105,3559.7643460291483,4.411049303598702e-11,1.2391408179923891e-14,0.6147340656197037,0.6147340656197029,False,False,1,1
53,3559.7706992421736,3559.7706992421736,3559.770699242129,3559.770699242173,4.4565240386873484e-11,1.2519132312752845e-14,0.6147347997287717,0.6147347997287709,False,False,1,1
54,3559.648908535484,3559.648908535484,3559.6489085354438,3559.648908535487,4.0472514228895307e-11,1.1369805075958057e-14,0.6147207266590349,0.6147207266590345,False,False,1,1
55,3559.6552427140446,3559.6552427140446,3559.6552427140014,3559.6552427140446,4.320099833421409e-11,1.2136287193159658e-14,0.6147214585940275,0.6147214585940269,False,False,1,1
56,3687.828187155663,3687.828187155663,3687.82818715562,3687.828187155663,4.274625098332763e-11,1.1591172043266155e-14,0.6292511829233629,0.6292511829233625,False,False,2,2
57,3687.836757071703,3687.836757071703,3687.83675707166,3687.8367570717032,4.274625098332763e-11,1.15911451073203e-14,0.6292521358572213,0.6292521358572207,False,False,2,2
58,3687.717026726913,3687.717026726913,3687.71702672687,3687.717026726912,4.320099833421409e-11,1.1714835498795787e-14,0.6292388221910374,0.6292388221910369,False,False,2,2
59,3687.7255786788164,3687.7255786788164,3687.7255786787755,3687.725578678818,4.092726157978177e-11,1.1098239472158495e-14,0.6292397731590762,0.6292397731590759,False,False,2,2
60,3559.7638467102906,3559.7638467102906,3559.7638467102474,3559.7638467102906,4.320099833421409e-11,1.213591693003392e-14,0.6147340079237193,0.6147340079237187,False,False,1,1
61,3559.7702013883318,3559.7702013883318,3559.7702013882863,3559.7702013883304,4.547473508864641e-11,1.2774626595534451e-14,0.6147347422021789,0.6147347422021779,False,False,1,1
62,3559.6484093997688,3559.6484093997688,3559.648409399725,3559.648409399767,4.3655745685100555e-11,1.2264061127447647e-14,0.614720668982216,0.6147206689822153,False,False,1,1
63,3559.6547450430626,3559.6547450430626,3559.6547450430207,3559.6547450430635,4.18367562815547e-11,1.1753037661816437e-14,0.6147214010865727,0.6147214010865722,False,False,1,1
64,3688.4386234777785,3688.4386234777785,3688.4386234777357,3688.438623477778,4.274625098332763e-11,1.1589253705141708e-14,0.6293190544098148,0.6293190544098143,False,False,2,2
65,3688.369875649284,3688.369875649284,3688.3698756492413,3688.3698756492836,4.274625098332763e-11,1.1589469718191636e-14,0.629311411289442,0.6293114112894416,False,False,2,2
66,3688.3274866552565,3688.3274866552565,3688.3274866552147,3688.3274866552565,4.18367562815547e-11,1.1343015616949507e-14,0.6293066985648291,0.6293066985648287,False,False,2,2
67,3688.258767996489,3688.258767996489,3688.2587679964463,3688.2587679964895,4.274625098332763e-11,1.1589818847376579e-14,0.6292990584328098,0.6292990584328092,False,False,2,2
68,3560.36362714968,3560.36362714968,3560.363627149637,3560.363627149681,4.274625098332763e-11,1.2006147534303678e-14,0.6148033059533937,0.614803305953393,False,False,1,1
69,3560.299437448416,3560.299437448416,3560.299437448374,3560.299437448418,4.18367562815547e-11,1.1750909443599534e-14,0.6147958901354218,0.6147958901354214,False,False,1,1
70,3560.2482131464876,3560.2482131464876,3560.2482131464444,3560.2482131464863,4.320099833421409e-11,1.2134265856715022e-14,0.6147899721039303,0.6147899721039296,False,False,1,1
71,3560.1840544214347,3560.1840544214347,3560.184054421389,3560.184054421433,4.547473508864641e-11,1.2773141611083506e-14,0.6147825596080858,0.6147825596080849,False,False,1,1
72,3688.4381318700516,3688.4381318700516,3688.4381318700093,3688.43813187005,4.229150363244116e-11,1.1465965300331394e-14,0.6293189997553092,0.6293189997553088,False,False,2,2
73,3688.3693814842586,3688.3693814842586,3688.3693814842177,3688.369381484259,4.092726157978177e-11,1.1096302280687512e-14,0.6293113563494959,0.6293113563494956,False,False,2,2
74,3688.3269952166993,3688.3269952166993,3688.326995216656,3688.326995216698,4.320099833421409e-11,1.1712898121625443e-14,0.6293066439273098,0.6293066439273092,False,False,2,2
75,3688.258274001015,3688.258274001015,3688.2582740009734,3688.2582740010153,4.1382008930668235e-11,1.1219932514589635e-14,0.6292990035098835,0.6292990035098833,False,False,2,2
76,3560.3631304899777,3560.3631304899777,3560.3631304899327,3560.3631304899764,4.501998773775995e-11,1.2644774167056462e-14,0.6148032485749872,0.6148032485749864,False,False,1,1
77,3560.2989382133205,3560.2989382133205,3560.2989382132764,3560.29893821332,4.411049303598702e-11,1.2389547563700696e-14,0.6147958324583733,0.6147958324583727,False,False,1,1
78,3560.2477166701647,3560.2477166701647,3560.247716670122,3560.2477166701665,4.274625098332763e-11,1.2006538416744615e-14,0.6147899147447239,0.6147899147447233,False,False,1,1
79,3560.1835553701576,3560.1835553701576,3560.183555370115,3560.183555370157,4.274625098332763e-11,1.2006754797473704e-14,0.6147825019502788,0.6147825019502783,False,False,1,1
80,3688.4349093352275,3688.4349093352275,3688.4349093351857,3688.4349093352266,4.18367562815547e-11,1.1342685260804834e-14,0.6293186414896925,0.6293186414896921,False,False,2,2
81,3688.366157548323,3688.366157548323,3688.366157548282,3688.366157548323,4.092726157978177e-11,1.109631197977002e-14,0.6293109979207199,0.6293109979207197,False,False,2,2
82,3688.3237761454066,3688.3237761454066,3688.323776145365,3688.3237761454075,4.1382008930668235e-11,1.1219733256150235e-14,0.6293062860348224,0.6293062860348222,False,False,2,2
83,3688.2550535294995,3688.2550535294995,3688.2550535294567,3688.255053529498,4.274625098332763e-11,1.158983051956272e-14,0.6292986454543414,0.629298645454341,False,False,2,2
84,3560.355358194528,3560.355358194528,3560.3553581944825,3560.355358194527,4.547473508864641e-11,1.2772527041150986e-14,0.6148023506513625,0.6148023506513616,False,False,1,1
85,3560.2911627746007,3560.2911627746007,3560.291162774557,3560.2911627746007,4.3655745685100555e-11,1.2261847048228165e-14,0.6147949341543156,0.6147949341543149,False,False,1,1
86,3560.2399495118725,3560.2399495118725,3560.2399495118284,3560.239949511872,4.411049303598702e-11,1.2389752842932622e-14,0.6147890173835278,0.6147890173835269,False,False,1,1
87,3560.175785069491,3560.175785069491,3560.1757850694457,3560.1757850694908,4.547473508864641e-11,1.2773171279731848e-14,0.6147816042087597,0.6147816042087588,False,False,1,1
88,3688.434417779213,3688.434417779213,3688.4344177791727,3688.4344177792145,4.0472514228895307e-11,1.0972816551599037e-14,0.6293185868408752,0.629318586840875,False,False,2,2
89,3688.365663435084,3688.365663435084,3688.365663435044,3688.3656634350846,4.001776687800884e-11,1.0849728722596098e-14,0.6293109429864698,0.6293109429864698,False,False,2,2
90,3688.3232847585086,3688.3232847585086,3688.3232847584673,3688.323284758507,4.1382008930668235e-11,1.1219734750929705e-14,0.6293062314029859,0.6293062314029856,False,False,2,2
91,3688.25455958576,3688.25455958576,3688.254559585718,3688.2545595857605,4.18367562815547e-11,1.1343239899974128e-14,0.629298590537106,0.6292985905371058,False,False,2,2
92,3560.3548616167127,3560.3548616167127,3560.35486161667,3560.3548616167136,4.274625098332763e-11,1.200617709323421e-14,0.6148022932822741,0.6148022932822735,False,False,1,1
93,3560.2906636215007,3560.2906636215007,3560.290663621454,3560.2906636215002,4.6838977141305804e-11,1.3155941906625554e-14,0.6147948764865969,0.614794876486596,False,False,1,1
94,3560.2394531173777,3560.2394531173777,3560.2394531173363,3560.2394531173773,4.1382008930668235e-11,1.1623377999037053e-14,0.614788960033633,0.6147889600336326,False,False,1,1
95,3560.1752861001455,3560.1752861001455,3560.1752861001005,3560.1752861001446,4.501998773775995e-11,1.2645441339231173e-14,0.6147815465602756,0.6147815465602748,False,False,1,1
96,3688.4393636134,3688.4393636134,3688.439363613358,3688.4393636134,4.18367562815547e-11,1.1342671563012788e-14,0.6293191366944021,0.6293191366944018,False,False,2,2
97,3688.3706125474127,3688.3706125474127,3688.3706125473714,3688.3706125474127,4.1382008930668235e-11,1.1219590783499738e-14,0.6293114932157904,0.6293114932157899,False,False,2,2
98,3688.3282091390793,3688.3282091390793,3688.328209139035,3688.32820913908,4.411049303598702e-11,1.1959481514331715e-14,0.6293067788896551,0.6293067788896544,False,False,2,2
99,3688.2594872830396,3688.2594872830396,3688.259487282998,3688.259487283039,4.1382008930668235e-11,1.1219928823704412e-14,0.6292991384038152,0.6292991384038149,False,False,2,2
100,3560.3645213622904,3560.3645213622904,3560.3645213622476,3560.3645213622895,4.274625098332763e-11,1.200614451886847e-14,0.6148034092605146,0.6148034092605139,False,False,1,1
101,3560.300328000345,3560.300328000345,3560.3003280003027,3560.3003280003463,4.229150363244116e-11,1.1878633748910258e-14,0.61479599302161,0.6147959930216095,False,False,1,1
102,3560.249086687979,3560.249086687979,3560.2490866879366,3560.2490866879793,4.229150363244116e-11,1.1878804713572448e-14,0.6147900730264395,0.614790073026439,False,False,1,1
103,3560.1849243463957,3560.1849243463957,3560.1849243463535,3560.184924346397,4.229150363244116e-11,1.187901879568948e-14,0.6147826601147022,0.6147826601147015,False,False,1,1
104,3688.4388720299853,3688.4388720299853,3688.4388720299444,3688.4388720299858,4.092726157978177e-11,1.109609322527741e-14,0.6293190820426116,0.6293190820426113,False,False,2,2
105,3688.370118406646,3688.370118406646,3688.3701184066013,3688.370118406646,4.4565240386873484e-11,1.2082637847127285e-14,0.6293114382785534,0.6293114382785527,False,False,2,2
106,3688.327717724759,3688.327717724759,3688.3277177247164,3688.3277177247583,4.274625098332763e-11,1.1589602186894815e-14,0.6293067242548424,0.6293067242548418,False,False,2,2
107,3688.258993311749,3688.258993311749,3688.2589933117088,3688.25899331175,4.001776687800884e-11,1.0850042513439715e-14,0.6292990834835899,0.6292990834835896,False,False,2,2
108,3560.3640247274516,3560.3640247274516,3560.364024727409,3560.3640247274525,4.274625098332763e-11,1.2006146193604426e-14,0.614803351884996,0.6148033518849954,False,False,1,1
109,3560.2998287900646,3560.2998287900646,3560.29982879002,3560.299828790065,4.4565240386873484e-11,1.2517271727088944e-14,0.6147959353474439,0.6147959353474431,False,False,1,1
110,3560.2485902364633,3560.2485902364633,3560.248590236422,3560.2485902364647,4.1382008930668235e-11,1.1623348168482735e-14,0.6147900156701143,0.6147900156701138,False,False,1,1
111,3560.1844253198715,3560.1844253198715,3560.1844253198283,3560.184425319872,4.320099833421409e-11,1.2134483266364105e-14,0.61478260245977,0.6147826024597693,False,False,1,1
112,3688.4356494293343,3688.4356494293343,3688.4356494292915,3688.4356494293334,4.274625098332763e-11,1.158926304975423e-14,0.6293187237697561,0.6293187237697556,False,False,2,2
113,3688.366894405095,3688.366894405095,3688.3668944050532,3688.366894405095,4.18367562815547e-11,1.1342894424363562e-14,0.6293110798425616,0.6293110798425612,False,False,2,2
114,3688.324498587338,3688.324498587338,3688.3244985872943,3688.324498587337,4.3655745685100555e-11,1.1836199797989875e-14,0.6293063663550805,0.62930636635508,False,False,2,2
115,3688.2557727743124,3688.2557727743124,3688.255772774271,3688.255772774312,4.1382008930668235e-11,1.1219940123496537e-14,0.6292987254207957,0.6292987254207953,False,False,2,2
116,3560.3562523766486,3560.3562523766486,3560.356252376607,3560.3562523766486,4.18367562815547e-11,1.1750721926668817e-14,0.6148024539552173,0.6148024539552166,False,False,1,1
117,3560.2920532962034,3560.2920532962034,3560.2920532961593,3560.292053296204,4.411049303598702e-11,1.238957152269249e-14,0.6147950370372556,0.6147950370372548,False,False,1,1
118,3560.2408230215933,3560.2408230215933,3560.240823021549,3560.2408230215924,4.411049303598702e-11,1.2389749803090633e-14,0.6147891183026166,0.6147891183026157,False,False,1,1
119,3560.17665496284,3560.17665496284,3560.176654962797,3560.1766549628405,4.320099833421409e-11,1.2134509750799152e-14,0.6147817047119729,0.6147817047119721,False,False,1,1
120,3688.4351578976402,3688.4351578976402,3688.4351578975993,3688.435157897641,4.092726157978177e-11,1.1096104398676694e-14,0.6293186691236548,0.6293186691236545,False,False,2,2
121,3688.3664003161216,3688.3664003161216,3688.366400316079,3688.366400316121,4.274625098332763e-11,1.1589480638274968e-14,0.6293110249110215,0.6293110249110211,False,False,2,2
122,3688.3240072246826,3688.3240072246826,3688.3240072246435,3688.3240072246836,3.9108272176235914e-11,1.0603263731611078e-14,0.629306311725951,0.6293063117259509,False,False,2,2
123,3688.2552788547628,3688.2552788547628,3688.2552788547205,3688.2552788547614,4.229150363244116e-11,1.1466533749684774e-14,0.6292986705062615,0.6292986705062611,False,False,2,2
124,3560.355755823717,3560.355755823717,3560.3557558236735,3560.3557558237176,4.3655745685100555e-11,1.226162459009674e-14,0.6148023965890189,0.6148023965890181,False,False,1,1
125,3560.2915541679295,3560.2915541679295,3560.2915541678863,3560.291554167929,4.320099833421409e-11,1.2134118140869656e-14,0.6147949793724207,0.6147949793724199,False,False,1,1
126,3560.2403266519214,3560.2403266519214,3560.240326651876,3560.2403266519204,4.547473508864641e-11,1.2772939722137022e-14,0.6147890609556048,0.6147890609556039,False,False,1,1
127,3560.176156018263,3560.176156018263,3560.1761560182185,3560.1761560182617,4.4565240386873484e-11,1.2517706549867943e-14,0.6147816470663656,0.6147816470663647,False,False,1,1
128,3724.4761094667515,3724.4761094667515,3724.476109466709,3724.47610946675,4.229150363244116e-11,1.1355020783982478e-14,0.6333039488660261,0.6333039488660257,False,False,2,2
129,3724.4870571260244,3724.4870571260244,3724.4870571259835,3724.4870571260253,4.092726157978177e-11,1.0988697490967527e-14,0.6333051528862103,0.6333051528862099,False,False,2,2
130,3713.2778448888803,3713.2778448888803,3713.2778448888403,3713.2778448888803,4.001776687800884e-11,1.0776938475824281e-14,0.6320702946529931,0.632070294652993,False,False,2,2
131,3713.288623449901,3713.288623449901,3713.288623449861,3713.2886234499006,4.001776687800884e-11,1.0776907193610385e-14,0.6320714840638828,0.6320714840638827,False,False,2,2
132,3627.192578923783,3627.192578923783,3627.1925789237516,3627.1925789237816,3.1377567211166024e-11,8.650648270921418e-15,0.6224471017016172,0.622447101701618,False,False,2,2
133,3627.201537854987,3627.201537854987,3627.2015378549545,3627.201537854986,3.228706191293895e-11,8.901369713256272e-15,0.6224481161744041,0.6224481161744047,False,False,2,2
134,3599.369593822124,3599.369593822124,3599.3695938220876,3599.3695938221226,3.637978807091713e-11,1.0107266598395055e-14,0.6192833543457534,0.6192833543457537,False,False,1,1
135,3599.3790137124033,3599.3790137124033,3599.379013712367,3599.379013712404,3.637978807091713e-11,1.0107240146792703e-14,0.6192844299538711,0.6192844299538712,False,False,1,1
136,3724.475591217958,3724.475591217958,3724.475591217917,3724.4755912179558,4.092726157978177e-11,1.0988731319997175e-14,0.633303891869086,0.6333038918690856,False,False,2,2
137,3724.486540071603,3724.486540071603,3724.4865400715657,3724.486540071603,3.728928277269006e-11,1.0011925770571632e-14,0.6333050960208135,0.6333050960208138,False,False,2,2
138,3713.277317313149,3713.277317313149,3713.2773173131104,3713.277317313152,3.865352482534945e-11,1.0409544324935672e-14,0.632070236435075,0.632070236435075,False,False,2,2
139,3713.2880971999966,3713.2880971999966,3713.288097199954,3713.288097199996,4.274625098332763e-11,1.1511697951893478e-14,0.6320714259924572,0.6320714259924568,False,False,2,2
140,3627.192132334901,3627.192132334901,3627.1921323348693,3627.1921323349043,3.183231456205249e-11,8.776021065518068e-15,0.6224470511316444,0.6224470511316451,False,False,2,2
141,3627.2010921304704,3627.2010921304704,3627.201092130438,3627.20109213047,3.228706191293895e-11,8.901370807091053e-15,0.6224480657024443,0.622448065702445,False,False,2,2
142,3599.369077030688,3599.369077030688,3599.3690770306507,3599.3690770306894,3.728928277269006e-11,1.0359949750819102e-14,0.6192832953359482,0.6192832953359482,False,False,1,1
143,3599.378498120868,3599.378498120868,3599.3784981208264,3599.3784981208664,4.1382008930668235e-11,1.1496987313857821e-14,0.6192843710812426,0.6192843710812422,False,False,1,1
144,3724.4722342500872,3724.4722342500872,3724.4722342500486,3724.4722342500877,3.865352482534945e-11,1.0378255600858906e-14,0.6333035226699475,0.6333035226699475,False,False,2,2
145,3724.4831836544745,3724.4831836544745,3724.4831836544354,3724.4831836544754,3.9108272176235914e-11,1.050032185616227e-14,0.633304726883458,0.633304726883458,False,False,2,2
146,3713.273819122195,3713.273819122195,3713.2738191221547,3713.2738191221943,4.0472514228895307e-11,1.0899415502426606e-14,0.6320698504098927,0.6320698504098925,False,False,2,2
147,3713.28459956593,3713.28459956593,3713.284599565888,3713.284599565929,4.18367562815547e-11,1.1266778820682172e-14,0.6320710400299754,0.6320710400299752,False,False,2,2
148,3627.185767664602,3627.185767664602,3627.1857676645695,3627.185767664603,3.228706191293895e-11,8.901408414415809e-15,0.6224463304206163,0.622446330420617,False,False,2,2
149,3627.1947283657323,3627.1947283657323,3627.1947283657023,3627.1947283657314,3.001332515850663e-11,8.274528225295869e-15,0.622447345095895,0.6224473450958959,False,False,2,2
150,3599.3613535388904,3599.3613535388904,3599.3613535388517,3599.3613535388913,3.865352482534945e-11,1.0738995346312012e-14,0.6192824134283175,0.6192824134283172,False,False,1,1
151,3599.3707758913833,3599.3707758913833,3599.3707758913442,3599.370775891383,3.9108272176235914e-11,1.0865308024997996e-14,0.6192834893202409,0.6192834893202408,False,False,1,1
152,3724.471716046736,3724.471716046736,3724.4717160467007,3724.4717160467367,3.54702933691442e-11,9.523577052907094e-15,0.6333034656779388,0.6333034656779393,False,False,2,2
153,3724.4826666454746,3724.4826666454746,3724.482666645438,3724.4826666454774,3.6834535421803594e-11,9.889839400160052e-15,0.6333046700229908,0.633304670022991,False,False,2,2
154,3713.273291596522,3713.273291596522,3713.2732915964853,3713.2732915965207,3.6834535421803594e-11,9.919694169875275e-15,0.6320697921974281,0.6320697921974283,False,False,2,2
155,3713.2840733660605,3713.2840733660605,3713.28407336602,3713.2840733660596,4.0472514228895307e-11,1.0899385403661648e-14,0.6320709819640011,0.6320709819640009,False,False,2,2
156,3627.1853211345133,3627.1853211345133,3627.185321134479,3627.1853211345133,3.410605131648481e-11,9.402897369968705e-15,0.6224462798571979,0.6224462798571984,False,False,2,2
157,3627.194282699964,3627.194282699964,3627.1942826999325,3627.194282699964,3.1377567211166024e-11,8.650644207513913e-15,0.6224472946304846,0.6224472946304853,False,False,2,2
158,3599.360836819655,3599.360836819655,3599.3608368196187,3599.3608368196556,3.637978807091713e-11,1.0107291188693879e-14,0.6192823544266104,0.6192823544266106,False,False,1,1
159,3599.370260372007,3599.370260372007,3599.37026037197,3599.370260372007,3.728928277269006e-11,1.035994634484647e-14,0.6192834304557064,0.6192834304557064,False,False,1,1
160,3724.4761001146144,3724.4761001146144,3724.476100114577,3724.4761001146126,3.728928277269006e-11,1.0011953834672893e-14,0.6333039478374793,0.6333039478374795,False,False,2,2
161,3724.487047915838,3724.487047915838,3724.4870479158026,3724.4870479158385,3.54702933691442e-11,9.523537849055696e-15,0.6333051518732785,0.6333051518732788,False,False,2,2
162,3713.278204122955,3713.278204122955,3713.2782041229175,3713.2782041229575,3.728928277269006e-11,1.0042146244600456e-14,0.6320703342944246,0.6320703342944247,False,False,2,2
163,3713.2889838821184,3713.2889838821184,3713.2889838820784,3713.2889838821156,4.001776687800884e-11,1.07769061475446e-14,0.6320715238374006,0.6320715238374005,False,False,2,2
164,3627.192689276641,3627.192689276641,3627.1926892766105,3627.192689276639,3.0468072509393096e-11,8.399904587222038e-15,0.6224471141975407,0.6224471141975416,False,False,2,2
165,3627.201647590802,3627.201647590802,3627.201647590773,3627.2016475908044,2.9103830456733704e-11,8.023769639624131e-15,0.6224481286004229,0.6224481286004239,False,False,2,2
166,3599.3698752442237,3599.3698752442237,3599.3698752441846,3599.369875244222,3.9108272176235914e-11,1.0865310743754098e-14,0.6192833864799185,0.6192833864799184,False,False,1,1
167,3599.3792961511435,3599.3792961511435,3599.3792961511062,3599.3792961511444,3.728928277269006e-11,1.0359920337532615e-14,0.6192844622040301,0.6192844622040302,False,False,1,1
168,3724.4755818736567,3724.4755818736567,3724.475581873619,3724.4755818736585,3.774403012357652e-11,1.0134052242755956e-14,0.6333038908414007,0.6333038908414008,False,False,2,2
169,3724.4865308692706,3724.4865308692706,3724.4865308692365,3724.486530869272,3.410605131648481e-11,9.157249203026298e-15,0.6333050950087455,0.633305095008746,False,False,2,2
170,3713.2776765626904,3713.2776765626904,3713.2776765626513,3713.2776765626913,3.9108272176235914e-11,1.0532008533344505e-14,0.6320702760782194,0.6320702760782193,False,False,2,2
171,3713.2884576477054,3713.2884576477054,3713.2884576476636,3713.2884576477045,4.18367562815547e-11,1.1266767114574625e-14,0.6320714657676907,0.6320714657676905,False,False,2,2
172,3627.192242691545,3627.192242691545,3627.1922426915153,3627.1922426915467,2.955857780762017e-11,8.149162170044324e-15,0.6224470636279984,0.6224470636279994,False,False,2,2
173,3627.2012018700752,3627.2012018700752,3627.201201870044,3627.2012018700743,3.1377567211166024e-11,8.650627705733197e-15,0.6224480781288939,0.6224480781288946,False,False,2,2
174,3599.3693584639677,3599.3693584639677,3599.3693584639304,3599.36935846397,3.728928277269006e-11,1.035994894077869e-14,0.6192833274713949,0.6192833274713949,False,False,1,1
175,3599.378780570809,3599.378780570809,3599.3787805707716,3599.3787805708107,3.728928277269006e-11,1.035992182150291e-14,0.6192844033326856,0.6192844033326858,False,False,1,1
176,3724.472224864027,3724.472224864027,3724.4722248639882,3724.4722248640255,3.865352482534945e-11,1.0378255627013198e-14,0.6333035216376686,0.6333035216376686,False,False,2,2
177,3724.483174410313,3724.483174410313,3724.483174410272,3724.483174410314,4.092726157978177e-11,1.0988708946513544e-14,0.6333047258667884,0.6333047258667882,False,False,2,2
178,3713.274178323618,3713.274178323618,3713.2741783235797,3713.2741783236174,3.8198777474462986e-11,1.0287087793691571e-14,0.632069890047769,0.632069890047769,False,False,2,2
179,3713.284959965429,3713.284959965429,3713.2849599653896,3713.28495996543,3.956301952712238e-11,1.0654452850688495e-14,0.6320710797999307,0.6320710797999307,False,False,2,2
180,3627.185877995279,3627.185877995279,3627.185877995246,3627.185877995279,3.319655661471188e-11,9.15215203502595e-15,0.6224463429140539,0.6224463429140543,False,False,2,2
181,3627.194838079286,3627.194838079286,3627.194838079255,3627.194838079289,3.092281986027956e-11,8.525271246982191e-15,0.6224473575194184,0.6224473575194192,False,False,2,2
182,3599.361634930325,3599.361634930325,3599.361634930286,3599.3616349303284,3.9108272176235914e-11,1.0865335618601423e-14,0.6192824455590604,0.6192824455590603,False,False,1,1
183,3599.371058299395,3599.371058299395,3599.3710582993535,3599.3710582993936,4.1382008930668235e-11,1.1497011077879842e-14,0.6192835215669708,0.6192835215669705,False,False,1,1
184,3724.471706668517,3724.471706668517,3724.47170666848,3724.471706668518,3.728928277269006e-11,1.0011965644932969e-14,0.6333034646465222,0.6333034646465223,False,False,2,2
185,3724.482657409173,3724.482657409173,3724.4826574091344,3724.482657409175,3.865352482534945e-11,1.0378226556768999e-14,0.6333046690071855,0.6333046690071855,False,False,2,2
186,3713.2736508134208,3713.2736508134208,3713.273650813382,3713.2736508134208,3.865352482534945e-11,1.0409554603357095e-14,0.6320698318370184,0.6320698318370184,False,False,2,2
187,3713.2844337810625,3713.2844337810625,3713.2844337810257,3713.284433781064,3.6834535421803594e-11,9.919664404565077e-15,0.6320710217356733,0.6320710217356735,False,False,2,2
188,3627.185431468979,3627.185431468979,3627.18543146895,3627.1854314689804,2.9103830456733704e-11,8.023805511632445e-15,0.6224462923510661,0.6224462923510671,False,False,2,2
189,3627.1943924173065,3627.1943924173065,3627.1943924172765,3627.1943924173083,3.001332515850663e-11,8.274528991677383e-15,0.6224473070544387,0.6224473070544396,False,False,2,2
190,3599.361118222282,3599.361118222282,3599.3611182222444,3599.3611182222826,3.774403012357652e-11,1.0486313788436496e-14,0.6192823865586365,0.6192823865586365,False,False,1,1
191,3599.370542791237,3599.370542791237,3599.3705427911977,3599.3705427912346,3.9108272176235914e-11,1.0865308728650167e-14,0.6192834627037223,0.6192834627037223,False,False,1,1
192,3724.94113318005,3724.94113318005,3724.941133180011,3724.941133180048,3.9108272176235914e-11,1.0499030931758234e-14,0.6333550885479673,0.6333550885479673,False,False,2,2
193,3724.881299962443,3724.881299962443,3724.8812999624056,3724.8812999624424,3.728928277269006e-11,1.0010864714820855e-14,0.6333485089570579,0.6333485089570581,False,False,2,2
194,3713.8053233180117,3713.8053233180117,3713.8053233179735,3713.8053233180135,3.8198777474462986e-11,1.0285616543932139e-14,0.6321284972253122,0.6321284972253123,False,False,2,2
195,3713.740161827413,3713.740161827413,3713.7401618273725,3713.7401618274134,4.0472514228895307e-11,1.0898046838306553e-14,0.6321213077304839,0.6321213077304837,False,False,2,2
196,3627.5014107538623,3627.5014107538623,3627.5014107538304,3627.5014107538627,3.183231456205249e-11,8.775272827650572e-15,0.6224820709844214,0.6224820709844221,False,False,2,2
197,3627.4586966128436,3627.4586966128436,3627.458696612812,3627.4586966128427,3.1377567211166024e-11,8.65001364190996e-15,0.6224772346200198,0.6224772346200206,False,False,2,2
198,3599.820527624962,3599.820527624962,3599.820527624924,3599.820527624962,3.774403012357652e-11,1.0484975524176684e-14,0.6193348407147368,0.6193348407147368,False,False,2,2
199,3599.7641963902056,3599.7641963902056,3599.7641963901674,3599.7641963902056,3.8198777474462986e-11,1.0611466582385646e-14,0.6193284093514226,0.6193284093514226,False,False,2,2
200,3724.94061727627,3724.94061727627,3724.940617276234,3724.940617276271,3.5925040720030665e-11,9.644459982371362e-15,0.6333550318168444,0.6333550318168446,False,False,2,2
201,3724.880781922635,3724.880781922635,3724.8807819225926,3724.880781922635,4.229150363244116e-11,1.135378717023313e-14,0.6333484519900253,0.633348451990025,False,False,2,2
202,3713.8047983079177,3713.8047983079177,3713.8047983078773,3713.8047983079155,4.0472514228895307e-11,1.0897857164527166e-14,0.6321284392996764,0.6321284392996762,False,False,2,2
203,3713.7396344562203,3713.7396344562203,3713.7396344561816,3713.739634456221,3.865352482534945e-11,1.0408248458432721e-14,0.6321212495432053,0.6321212495432053,False,False,2,2
204,3627.500965746041,3627.500965746041,3627.500965746007,3627.5009657460405,3.410605131648481e-11,9.402079183036268e-15,0.6224820205981489,0.6224820205981495,False,False,2,2
205,3627.4582500657875,3627.4582500657875,3627.4582500657557,3627.458250065787,3.183231456205249e-11,8.775377238724988e-15,0.622477184058819,0.6224771840588197,False,False,2,2
206,3599.8200133267883,3599.8200133267883,3599.820013326751,3599.8200133267896,3.728928277269006e-11,1.035865199777836e-14,0.6193347819975663,0.6193347819975663,False,False,2,2
207,3599.7636799429556,3599.7636799429556,3599.7636799429147,3599.763679942955,4.092726157978177e-11,1.1369430112265129e-14,0.6193283503878969,0.6193283503878966,False,False,2,2
208,3724.9372659143955,3724.9372659143955,3724.937265914359,3724.9372659143964,3.637978807091713e-11,9.766550541351637e-15,0.6333546632856564,0.6333546632856566,False,False,2,2
209,3724.877429198724,3724.877429198724,3724.8774291986874,3724.8774291987233,3.637978807091713e-11,9.766707431965878e-15,0.6333480833024451,0.6333480833024454,False,False,2,2
210,3713.8013073867755,3713.8013073867755,3713.8013073867364,3713.801307386776,3.9108272176235914e-11,1.0530523563134435e-14,0.6321280541376564,0.6321280541376564,False,False,2,2
211,3713.7361420179836,3713.7361420179836,3713.736142017943,3713.736142017983,4.0472514228895307e-11,1.0898058634532716e-14,0.6321208642062695,0.6321208642062693,False,False,2,2
212,3627.4945983184075,3627.4945983184075,3627.494598318377,3627.494598318406,3.0468072509393096e-11,8.399205480145204e-15,0.6224812996416728,0.6224812996416736,False,False,2,2
213,3627.4518814436146,3627.4518814436146,3627.451881443584,3627.4518814436137,3.0468072509393096e-11,8.399304389192266e-15,0.6224764629578518,0.6224764629578527,False,False,2,2
214,3599.81229656669,3599.81229656669,3599.8122965666516,3599.8122965666894,3.8198777474462986e-11,1.0611324793488526e-14,0.619333900977758,0.6193339009777579,False,False,2,2
215,3599.755960569875,3599.755960569875,3599.755960569837,3599.7559605698752,3.774403012357652e-11,1.0485163588034254e-14,0.6193274690548745,0.6193274690548745,False,False,1,1
216,3724.936750055718,3724.936750055718,3724.936750055678,3724.9367500557164,4.001776687800884e-11,1.0743207083290811e-14,0.6333546065594273,0.6333546065594272,False,False,2,2
217,3724.8769112040713,3724.8769112040713,3724.8769112040363,3724.876911204074,3.501554601825774e-11,9.400457210528042e-15,0.6333480263403118,0.6333480263403124,False,False,2,2
218,3713.8007824263364,3713.8007824263364,3713.8007824262995,3713.800782426337,3.6834535421803594e-11,9.918285223080409e-15,0.6321279962174295,0.6321279962174298,False,False,2,2
219,3713.7356146965144,3713.7356146965144,3713.7356146964735,3713.735614696515,4.092726157978177e-11,1.1020510296376156e-14,0.6321208060244068,0.6321208060244066,False,False,2,2
220,3627.4941533690167,3627.4941533690167,3627.494153368986,3627.4941533690185,3.0468072509393096e-11,8.399206510393967e-15,0.6224812492619133,0.6224812492619142,False,False,2,2
221,3627.451434955087,3627.451434955087,3627.4514349550564,3627.451434955087,3.0468072509393096e-11,8.39930542302914e-15,0.6224764124031745,0.6224764124031754,False,False,2,2
222,3599.811782340205,3599.811782340205,3599.8117823401676,3599.811782340205,3.728928277269006e-11,1.0358675682884907e-14,0.6193338422686271,0.6193338422686272,False,False,2,2
223,3599.7554441944035,3599.7554441944035,3599.7554441943657,3599.7554441944053,3.774403012357652e-11,1.0485165092103454e-14,0.6193274100993982,0.6193274100993982,False,False,1,1
224,3724.9411238120956,3724.9411238120956,3724.9411238120592,3724.941123812095,3.637978807091713e-11,9.766540426197702e-15,0.6333550875178247,0.6333550875178249,False,False,2,2
225,3724.8812903489015,3724.8812903489015,3724.8812903488606,3724.8812903489006,4.092726157978177e-11,1.0987534471453774e-14,0.6333485078998904,0.6333485078998902,False,False,2,2
226,3713.805685271683,3713.805685271683,3713.8056852716413,3713.8056852716836,4.18367562815547e-11,1.126519797400066e-14,0.6321285371605323,0.6321285371605321,False,False,2,2
227,3713.740521646863,3713.740521646863,3713.740521646822,3713.740521646863,4.092726157978177e-11,1.1020495735020422e-14,0.6321213474310062,0.6321213474310059,False,False,2,2
228,3627.501516860665,3627.501516860665,3627.5015168606346,3627.5015168606665,3.0468072509393096e-11,8.399189460783732e-15,0.6224820829984256,0.6224820829984263,False,False,2,2
229,3627.45880405535,3627.45880405535,3627.4588040553194,3627.4588040553513,3.0468072509393096e-11,8.39928836003073e-15,0.6224772467854156,0.6224772467854165,False,False,2,2
230,3599.820811955157,3599.820811955157,3599.8208119551173,3599.82081195516,3.956301952712238e-11,1.099027468137634e-14,0.619334873176572,0.619334873176572,False,False,2,2
231,3599.7644788583684,3599.7644788583684,3599.764478858331,3599.7644788583707,3.728928277269006e-11,1.0358811803297755e-14,0.6193284416012155,0.6193284416012156,False,False,2,2
232,3724.940607916313,3724.940607916313,3724.9406079162754,3724.9406079163155,3.774403012357652e-11,1.0132787095547833e-14,0.6333550307875808,0.633355030787581,False,False,2,2
233,3724.8807723170453,3724.8807723170453,3724.880772317008,3724.8807723170453,3.728928277269006e-11,1.001086613290294e-14,0.6333484509337319,0.6333484509337322,False,False,2,2
234,3713.8051602771347,3713.8051602771347,3713.8051602770993,3713.805160277137,3.54702933691442e-11,9.55093006723522e-15,0.6321284792366182,0.6321284792366185,False,False,2,2
235,3713.7399942911716,3713.7399942911716,3713.73999429113,3713.7399942911698,4.1382008930668235e-11,1.1142947269943887e-14,0.6321212892454442,0.6321212892454438,False,False,2,2
236,3627.501071856767,3627.501071856767,3627.5010718567364,3627.5010718567682,3.0468072509393096e-11,8.39919049115477e-15,0.622482032612599,0.6224820326125998,False,False,2,2
237,3627.4583575122156,3627.4583575122156,3627.4583575121833,3627.458357512216,3.228706191293895e-11,8.900739507064134e-15,0.6224771962246605,0.6224771962246611,False,False,2,2
238,3599.820297668263,3599.820297668263,3599.820297668229,3599.820297668263,3.3651303965598345e-11,9.348051064492176e-15,0.6193348144606943,0.6193348144606947,False,False,2,2
239,3599.76396242235,3599.76396242235,3599.7639624223107,3599.76396242235,3.9108272176235914e-11,1.086412125475005e-14,0.6193283826389769,0.6193283826389768,False,False,2,2
240,3724.9372565117824,3724.9372565117824,3724.9372565117446,3724.937256511781,3.774403012357652e-11,1.0132796212229873e-14,0.6333546622517012,0.6333546622517013,False,False,2,2
241,3724.877419550655,3724.877419550655,3724.8774195506167,3724.877419550655,3.8198777474462986e-11,1.0255042830126486e-14,0.6333480822414794,0.6333480822414794,False,False,2,2
242,3713.801669306895,3713.801669306895,3713.801669306856,3713.8016693068944,3.865352482534945e-11,1.040807460043049e-14,0.632128094069223,0.6321280940692229,False,False,2,2
243,3713.7365018040323,3713.7365018040323,3713.736501803992,3713.7365018040337,4.0472514228895307e-11,1.0898057578730979e-14,0.6321209039031543,0.6321209039031541,False,False,2,2
244,3627.4947044018077,3627.4947044018077,3627.494704401775,3627.4947044018086,3.2741809263825417e-11,9.026011595301476e-15,0.6224813116530516,0.6224813116530523,False,False,2,2
245,3627.4519888629566,3627.4519888629566,3627.451988862925,3627.451988862959,3.1377567211166024e-11,8.650029637194863e-15,0.6224764751206496,0.6224764751206504,False,False,2,2
246,3599.8125808649656,3599.8125808649656,3599.8125808649274,3599.812580864964,3.8198777474462986e-11,1.0611323955450079e-14,0.619333933436029,0.619333933436029,False,False,2,2
247,3599.75624300629,3599.75624300629,3599.7562430062508,3599.756243006291,3.9108272176235914e-11,1.0864144552069767e-14,0.6193275013011222,0.6193275013011221,False,False,1,1
248,3724.9367406611036,3724.9367406611036,3724.93674066107,3724.9367406611054,3.3651303965598345e-11,9.034060524642868e-15,0.6333546055263515,0.6333546055263521,False,False,2,2
249,3724.8769015639637,3724.8769015639637,3724.8769015639264,3724.8769015639664,3.728928277269006e-11,1.0010876535821468e-14,0.6333480252802215,0.6333480252802217,False,False,2,2
250,3713.8011443620167,3713.8011443620167,3713.8011443619766,3713.8011443620126,4.001776687800884e-11,1.0775419932960191e-14,0.6321280361507191,0.632128036150719,False,False,2,2
251,3713.7359744980713,3713.7359744980713,3713.7359744980295,3713.7359744980695,4.18367562815547e-11,1.12654094337466e-14,0.6321208457230092,0.6321208457230088,False,False,2,2
252,3627.4942594563495,3627.4942594563495,3627.494259456318,3627.4942594563486,3.1377567211166024e-11,8.649928839823598e-15,0.6224812612737392,0.6224812612737399,False,False,2,2
253,3627.451542378359,3627.451542378359,3627.4515423783278,3627.451542378358,3.1377567211166024e-11,8.650030701883103e-15,0.6224764245664192,0.6224764245664198,False,False,2,2
254,3599.8120666497693,3599.8120666497693,3599.812066649733,3599.8120666497716,3.637978807091713e-11,1.0106024258309307e-14,0.619333874728192,0.6193338747281922,False,False,2,2
255,3599.7557266420636,3599.7557266420636,3599.7557266420235,3599.755726642065,4.001776687800884e-11,1.1116800671177306e-14,0.6193274423469348,0.6193274423469346,False,False,1,1
256,404.301286561897,404.301286561897,404.3012865618776,404.3012865618972,1.9383605831535533e-11,4.7943468091259654e-14,0.007404045336363629,0.007404045336362741,False,False,0,0
257,404.2993509992429,404.2993509992429,404.299350999224,404.29935099924336,1.892885848064907e-11,4.681891878843139e-14,0.007403469118343442,0.007403469118342776,False,False,0,0
258,379.4939480893721,379.4939480893721,379.4939480893552,379.4939480893717,1.693933882052079e-11,4.463665074451073e-14,0.0,0.0,True,True,0,0
259,379.49150326842255,379.49150326842255,379.4915032684063,379.4915032684229,1.6257217794191092e-11,4.283947770680918e-14,0.0,0.0,True,True,0,0
260,404.1879747408565,404.1879747408565,404.18797474083686,404.18797474085665,1.9610979506978765e-11,4.851945315679485e-14,0.007370311784226313,0.007370311784225425,False,False,0,0
261,404.18590575912606,404.18590575912606,404.1859057591065,404.1859057591257,1.9554136088117957e-11,4.8379064706356224e-14,0.007369695826331957,0.007369695826331069,False,False,0,0
262,379.3898403716636,379.3898403716636,379.38984037164784,379.3898403716639,1.574562702444382e-11,4.150250045973517e-14,0.0,0.0,True,True,0,0
263,379.38724628220757,379.38724628220757,379.38724628219154,379.38724628220814,1.602984411874786e-11,4.2251931966168535e-14,0.0,0.0,True,True,0,0
264,404.30129018801756,404.30129018801756,404.3012901879983,404.3012901880175,1.9269918993813917e-11,4.7662274302544455e-14,0.007404046415861343,0.007404046415860455,False,False,0,0
265,404.2993547490356,404.2993547490356,404.2993547490158,404.2993547490356,1.9838353182421997e-11,4.906847599283565e-14,0.0074034702346590375,0.007403470234658038,False,False,0,0
266,379.4939876167601,379.4939876167601,379.49398761674377,379.4939876167602,1.63140612130519e-11,4.2988984662194426e-14,0.0,0.0,True,True,0,0
267,379.4915430468346,379.4915430468346,379.49154304681787,379.49154304683407,1.6711965145077556e-11,4.403778015947793e-14,0.0,0.0,True,True,0,0
268,404.18797786507884,404.18797786507884,404.187977865059,404.18797786507866,1.9838353182421997e-11,4.908199716183592e-14,0.007370312714340299,0.0073703127143393,False,False,0,0
269,404.1859090013304,404.1859090013304,404.1859090013109,404.18590900132995,1.949729266925715e-11,4.8238427503401594e-14,0.007369696791570957,0.007369696791570179,False,False,0,0
270,379.3898789460648,379.3898789460648,379.38987894604844,379.38987894606487,1.6370904631912708e-11,4.3150609809072016e-14,0.0,0.0,True,True,0,0
271,379.3872851073419,379.3872851073419,379.38728510732517,379.3872851073419,1.6711965145077556e-11,4.4049882010012956e-14,0.0,0.0,True,True,0,0
272,404.30114050929075,404.30114050929075,404.30114050927114,404.3011405092906,1.9610979506978765e-11,4.850587233633616e-14,0.007404001856437636,0.007404001856436637,False,False,0,0
273,404.29920470696203,404.29920470696203,404.29920470694265,404.299204706962,1.9383605831535533e-11,4.7943714966208905e-14,0.007403425567040878,0.007403425567040101,False,False,0,0
274,379.4939150058614,379.4939150058614,379.493915005845,379.4939150058613,1.6427748050773516e-11,4.328856775086837e-14,0.0,0.0,True,True,0,0
275,379.49147001983215,379.49147001983215,379.4914700198158,379.49147001983255,1.6370904631912708e-11,4.3139058253554863e-14,0.0,0.0,True,True,0,0
276,404.1879082018566,404.1879082018566,404.18790820183705,404.1879082018566,1.9554136088117957e-11,4.8378825024998947e-14,0.0073702919748633855,0.007370291974862497,False,False,0,0
277,404.18583910425764,404.18583910425764,404.18583910423774,404.18583910425724,1.9895196601282805e-11,4.922289371981422e-14,0.00736967598246141,0.007369675982460411,False,False,0,0
278,379.38983966839805,379.38983966839805,379.3898396683812,379.3898396683978,1.6825651982799172e-11,4.4349242450734755e-14,0.0,0.0,True,True,0,0
279,379.387245538971,379.387245538971,379.38724553895486,379.3872455389714,1.6143530956469476e-11,4.2551591141487646e-14,0.0,0.0,True,True,0,0
280,404.30114413255194,404.30114413255194,404.30114413253244,404.30114413255194,1.949729266925715e-11,4.8224678441337465e-14,0.007404002935084142,0.007404002935083254,False,False,0,0
281,404.2992084538755,404.2992084538755,404.2992084538563,404.2992084538756,1.921307557495311e-11,4.7521922312012225e-14,0.007403426682499381,0.007403426682498604,False,False,0,0
282,379.4939545266655,379.4939545266655,379.4939545266492,379.49395452666556,1.63140612130519e-11,4.2988988410632445e-14,0.0,0.0,True,True,0,0
283,379.49150979165074,379.49150979165074,379.49150979163466,379.4915097916511,1.6086687537608668e-11,4.239011182737821e-14,0.0,0.0,True,True,0,0
284,404.18791132396086,404.18791132396086,404.18791132394153,404.18791132396126,1.9326762412674725e-11,4.781628017861257e-14,0.007370292904346876,0.0073702929043459875,False,False,0,0
285,404.18584234432996,404.18584234432996,404.18584234431034,404.1858423443298,1.9610979506978765e-11,4.8519709134868646e-14,0.007369676947065806,0.007369676947064918,False,False,0,0
286,379.3898782406054,379.3898782406054,379.3898782405891,379.3898782406054,1.63140612130519e-11,4.3000781382748645e-14,0.0,0.0,True,True,0,0
287,379.38728436190377,379.38728436190377,379.3872843618871,379.38728436190354,1.6655121726216748e-11,4.390005256562356e-14,0.0,0.0,True,True,0,0
288,404.3005752920149,404.3005752920149,404.30057529199576,404.3005752920154,1.91562321560923e-11,4.7381164724428836e-14,0.00740383359098451,0.007403833590983733,False,False,0,0
289,404.29863920505824,404.29863920505824,404.2986392050393,404.29863920505915,1.892885848064907e-11,4.681900121619862e-14,0.007403257216756165,0.007403257216755499,False,False,0,0
290,379.5000977619154,379.5000977619154,379.5000977618991,379.50009776191575,1.63140612130519e-11,4.298829251761287e-14,0.0,0.0,True,True,0,0
291,379.4976602218086,379.4976602218086,379.4976602217918,379.49766022180853,1.6768808563938364e-11,4.41868562618735e-14,0.0,0.0,True,True,0,0
292,404.18726127437327,404.18726127437327,404.18726127435417,404.18726127437367,1.9099388737231493e-11,4.725381170354676e-14,0.007370099377699502,0.0073700993776987245,False,False,0,0
293,404.18519177128223,404.18519177128223,404.18519177126234,404.18519177128167,1.9895196601282805e-11,4.9222972553979595e-14,0.007369483264458632,0.0073694832644576325,False,False,0,0
294,379.3960565974581,379.3960565974581,379.39605659744126,379.39605659745786,1.6825651982799172e-11,4.434851572706595e-14,0.0,0.0,True,True,0,0
295,379.39347015780083,379.39347015780083,379.3934701577844,379.3934701578007,1.6427748050773516e-11,4.330002844788218e-14,0.0,0.0,True,True,0,0
296,404.3005788819553,404.3005788819553,404.300578881936,404.30057888195586,1.9269918993813917e-11,4.7662358157147744e-14,0.007403834659711506,0.0074038346597107285,False,False,0,0
297,404.29864291869603,404.29864291869603,404.2986429186764,404.2986429186958,1.9610979506978765e-11,4.8506171985649006e-14,0.007403258322308703,0.007403258322307815,False,False,0,0
298,379.5001375440056,379.5001375440056,379.5001375439891,379.5001375440058,1.6484591469634324e-11,4.3437642938200054e-14,0.0,0.0,True,True,0,0
299,379.49770025536066,379.49770025536066,379.4977002553444,379.4977002553606,1.6257217794191092e-11,4.283877816190125e-14,0.0,0.0,True,True,0,0
300,404.18726436371,404.18726436371,404.1872643636908,404.1872643637101,1.921307557495311e-11,4.7535084028932004e-14,0.007370100297427906,0.007370100297427129,False,False,0,0
301,404.18519497862127,404.18519497862127,404.18519497860126,404.18519497862127,2.000888343900442e-11,4.950424629002742e-14,0.0073694842193181564,0.007369484219317046,False,False,0,0
302,379.3960954238046,379.3960954238046,379.39609542378804,379.39609542380475,1.6541434888495132e-11,4.3599380931998034e-14,0.0,0.0,True,True,0,0
303,379.39350923535505,379.39350923535505,379.3935092353387,379.39350923535494,1.6370904631912708e-11,4.31501969153539e-14,0.0,0.0,True,True,0,0
304,404.3004297351013,404.3004297351013,404.300429735082,404.30042973510143,1.9326762412674725e-11,4.780297271842543e-14,0.007403790258617149,0.007403790258616372,False,False,0,0
305,404.2984934087575,404.2984934087575,404.298493408738,404.29849340875745,1.949729266925715e-11,4.822499461937104e-14,0.007403213813097942,0.007403213813097054,False,False,0,0
306,379.5000645278895,379.5000645278895,379.50006452787306,379.50006452788955,1.6427748050773516e-11,4.3287866291169605e-14,0.0,0.0,True,True,0,0
307,379.4976268225115,379.4976268225115,379.4976268224956,379.4976268225116,1.5916157281026244e-11,4.1940070651535654e-14,0.0,0.0,True,True,0,0
308,404.1871950963677,404.1871950963677,404.1871950963482,404.187195096368,1.949729266925715e-11,4.823827401214068e-14,0.007370079675804275,0.007370079675803387,False,False,0,0
309,404.18512547762566,404.18512547762566,404.1851254776059,404.1851254776257,1.978150976356119e-11,4.8941706452421706e-14,0.007369463528120512,0.007369463528119624,False,False,0,0
310,379.3960557586952,379.3960557586952,379.3960557586786,379.39605575869507,1.659827830735594e-11,4.374921155720405e-14,0.0,0.0,True,True,0,0
311,379.393469278772,379.393469278772,379.3934692787558,379.39346927877193,1.6200374375330284e-11,4.270072019459702e-14,0.0,0.0,True,True,0,0
312,404.30043332221805,404.30043332221805,404.3004333221985,404.3004333222176,1.9554136088117957e-11,4.836536020364283e-14,0.007403791326503706,0.007403791326502818,False,False,0,0
313,404.29849711955166,404.29849711955166,404.2984971195321,404.29849711955194,1.9554136088117957e-11,4.8365591827406105e-14,0.007403214917803935,0.007403214917803047,False,False,0,0
314,379.50010430334737,379.50010430334737,379.50010430333043,379.5001043033473,1.693933882052079e-11,4.463592665308096e-14,0.0,0.0,True,True,0,0
315,379.4976668494238,379.4976668494238,379.4976668494071,379.4976668494237,1.6711965145077556e-11,4.403706953937214e-14,0.0,0.0,True,True,0,0
316,404.187198183618,404.187198183618,404.18719818359875,404.1871981836178,1.9269918993813917e-11,4.767572817845605e-14,0.00737008059491151,0.007370080594910622,False,False,0,0
317,404.18512868286535,404.18512868286535,404.1851286828454,404.18512868286496,1.9952040020143613e-11,4.936361732348279e-14,0.0073694644823550925,0.007369464482354093,False,False,0,0
318,379.39609458281745,379.39609458281745,379.39609458280063,379.39609458281757,1.6825651982799172e-11,4.434851128686656e-14,0.0,0.0,True,True,0,0
319,379.3935083540946,379.3935083540946,379.393508354078,379.3935083540946,1.659827830735594e-11,4.374950530746688e-14,0.0,0.0,True,True,0,0
320,404.3172186088713,404.3172186088713,404.3172186088519,404.31721860887126,1.944044925039634e-11,4.808217002799146e-14,0.007408788302418978,0.00740878830241809,False,False,0,0
321,404.3222182490453,404.3222182490453,404.3222182490258,404.32221824904514,1.949729266925715e-11,4.8222164870612293e-14,0.0074102766892684135,0.007410276689267525,False,False,0,0
322,379.5227311777559,379.5227311777559,379.5227311777396,379.52273117775593,1.6257217794191092e-11,4.2835952786650744e-14,0.0,0.0,True,True,0,0
323,379.52776965041716,379.52776965041716,379.5277696504009,379.52776965041716,1.6257217794191092e-11,4.283538411211809e-14,1.4916624979655069e-06,1.4916624979655069e-06,False,False,0,0
324,404.204880789121,404.204880789121,404.2048807891016,404.20488078912115,1.9383605831535533e-11,4.795490295340648e-14,0.007375344880510948,0.00737534488051006,False,False,0,0
325,404.21009040816944,404.21009040816944,404.21009040814965,404.2100904081693,1.978150976356119e-11,4.8938683701799516e-14,0.007376895830023544,0.007376895830022656,False,False,0,0
326,379.4201284246734,379.4201284246734,379.42012842465704,379.4201284246731,1.6370904631912708e-11,4.314716960295067e-14,0.0,0.0,True,True,0,0
327,379.42536009266803,379.42536009266803,379.42536009265183,379.4253600926681,1.6200374375330284e-11,4.269713118641734e-14,0.0,0.0,True,True,0,0
328,404.3172193883078,404.3172193883078,404.31721938828827,404.3172193883079,1.9554136088117957e-11,4.8363352215622776e-14,0.0074087885344564786,0.00740878853445559,False,False,0,0
329,404.3222192348003,404.3222192348003,404.32221923478113,404.3222192348001,1.91562321560923e-11,4.737862834337033e-14,0.007410276982726227,0.00741027698272545,False,False,0,0
330,379.5227658134812,379.5227658134812,379.5227658134643,379.52276581348093,1.693933882052079e-11,4.463326141769775e-14,0.0,0.0,True,True,0,0
331,379.5278044649165,379.5278044649165,379.5278044648997,379.52780446491636,1.6825651982799172e-11,4.4333120748613113e-14,1.5021040842277955e-06,1.502104084005751e-06,False,False,0,0
332,404.204881055171,404.204881055171,404.20488105515165,404.20488105517114,1.9326762412674725e-11,4.781427270799524e-14,0.007375344959716368,0.007375344959715591,False,False,0,0
333,404.210090897154,404.210090897154,404.21009089713397,404.2100908971538,2.000888343900442e-11,4.95011972476843e-14,0.00737689597559843,0.007376895975597431,False,False,0,0
334,379.42016210504994,379.42016210504994,379.4201621050338,379.42016210505,1.6143530956469476e-11,4.254789958157211e-14,0.0,0.0,True,True,0,0
335,379.4253939580289,379.4253939580289,379.4253939580125,379.42539395802885,1.6427748050773516e-11,4.3296385303590705e-14,0.0,0.0,True,True,0,0
336,404.317072063848,404.317072063848,404.3170720638287,404.31707206384834,1.9326762412674725e-11,4.780100507262955e-14,0.007408744676108636,0.007408744676107859,False,False,0,0
337,404.32207255815587,404.32207255815587,404.32207255813637,404.32207255815615,1.949729266925715e-11,4.822218224668589e-14,0.007410233317297954,0.007410233317297066,False,False,0,0
338,379.52269812326546,379.52269812326546,379.5226981232491,379.5226981232653,1.6370904631912708e-11,4.3135508660922277e-14,0.0,0.0,True,True,0,0
339,379.52773716930824,379.52773716930824,379.52773716929204,379.5277371693082,1.6200374375330284e-11,4.268561369495705e-14,1.4819207435623483e-06,1.4819207435623483e-06,False,False,0,0
340,404.2048133445715,404.2048133445715,404.2048133445521,404.2048133445712,1.9383605831535533e-11,4.7954910955035155e-14,0.007375324801658145,0.007375324801657257,False,False,0,0
341,404.21002350459366,404.21002350459366,404.2100235045742,404.2100235045939,1.944044925039634e-11,4.809492125366705e-14,0.007376875912254666,0.0073768759122537775,False,False,0,0
342,379.4201278029157,379.4201278029157,379.42012780289895,379.4201278029158,1.6768808563938364e-11,4.419588560322419e-14,0.0,0.0,True,True,0,0
343,379.4253596618786,379.4253596618786,379.42535966186205,379.4253596618787,1.6541434888495132e-11,4.359601820826072e-14,0.0,0.0,True,True,0,0
344,404.3170728414833,404.3170728414833,404.3170728414635,404.31707284148314,1.978150976356119e-11,4.892573450964989e-14,0.007408744907609899,0.0074087449076089,False,False,0,0
345,404.32207354199886,404.32207354199886,404.32207354197965,404.3220735419991,1.921307557495311e-11,4.75192348679854e-14,0.007410233610186556,0.007410233610185779,False,False,0,0
346,379.52273275320226,379.52273275320226,379.5227327531863,379.52273275320306,1.5973000699887052e-11,4.208707231846912e-14,0.0,0.0,True,True,0,0
347,379.52777197792443,379.52777197792443,379.5277719779079,379.5277719779247,1.6541434888495132e-11,4.358425419644199e-14,1.4923605653471839e-06,1.4923605653471839e-06,False,False,0,0
348,404.2048136093192,404.2048136093192,404.20481360929944,404.20481360931876,1.978150976356119e-11,4.8939322584814244e-14,0.007375324880475875,0.007375324880474987,False,False,0,0
349,404.2100239921903,404.2100239921903,404.2100239921708,404.2100239921901,1.949729266925715e-11,4.823554962019906e-14,0.007376876057416437,0.007376876057415549,False,False,0,0
350,379.42016148140215,379.42016148140215,379.42016148138566,379.4201614814022,1.6484591469634324e-11,4.344679893991965e-14,0.0,0.0,True,True,0,0
351,379.42539352532293,379.42539352532293,379.42539352530673,379.425393525323,1.6200374375330284e-11,4.269712742420617e-14,0.0,0.0,True,True,0,0
352,404.31649885200653,404.31649885200653,404.31649885198726,404.31649885200636,1.9269918993813917e-11,4.766048145086297e-14,0.00740857403148476,0.007408574031483872,False,False,0,0
353,404.32149943464344,404.32149943464344,404.3214994346241,404.32149943464333,1.9326762412674725e-11,4.7800481645668215e-14,0.007410062699225284,0.007410062699224507,False,False,0,0
354,379.52889290119697,379.52889290119697,379.5288929011805,379.5288929011967,1.6484591469634324e-11,4.343435184505378e-14,1.8285485130498103e-06,1.828548512938788e-06,False,False,0,0
355,379.5339108890138,379.5339108890138,379.53391088899775,379.5339108890138,1.602984411874786e-11,4.223560440541354e-14,3.3335448974547432e-06,3.3335448975657656e-06,False,False,0,0
356,404.20415867027805,404.20415867027805,404.2041586702586,404.20415867027833,1.944044925039634e-11,4.8095619090981504e-14,0.0073751298991747705,0.007375129899173882,False,False,0,0
357,404.2093692089999,404.2093692089999,404.2093692089802,404.20936920899993,1.9667822925839573e-11,4.8657513714557564e-14,0.007376681122818085,0.007376681122817086,False,False,0,0
358,379.4263561723808,379.4263561723808,379.42635617236436,379.42635617238074,1.6427748050773516e-11,4.329627550519993e-14,0.0,0.0,True,True,0,0
359,379.43156664250915,379.43156664250915,379.43156664249216,379.43156664250876,1.6996182239381596e-11,4.4793801395535894e-14,0.0,0.0,True,True,0,0
360,404.3164995944403,404.3164995944403,404.3164995944214,404.31649959444053,1.892885848064907e-11,4.681693302063144e-14,0.007408574252506517,0.007408574252505851,False,False,0,0
361,404.32150038349647,404.32150038349647,404.3215003834772,404.3215003834966,1.9269918993813917e-11,4.765989188192198e-14,0.007410062981697552,0.0074100629816967745,False,False,0,0
362,379.52892778087573,379.52892778087573,379.52892778085936,379.5289277808754,1.6370904631912708e-11,4.3134800626751146e-14,1.8390096443443582e-06,1.8390096443443582e-06,False,False,0,0
363,379.53394594757833,379.53394594757833,379.5339459475622,379.5339459475785,1.6143530956469476e-11,4.253514376998373e-14,3.3440596645117893e-06,3.3440596646228116e-06,False,False,0,0
364,404.20415890051356,404.20415890051356,404.20415890049424,404.2041589005135,1.9326762412674725e-11,4.781435813338973e-14,0.007375129967717942,0.0073751299677171644,False,False,0,0
365,404.20936966229266,404.20936966229266,404.209369662273,404.20936966229254,1.9667822925839573e-11,4.865751365999154e-14,0.007376681257767248,0.00737668125776636,False,False,0,0
366,379.42639009384504,379.42639009384504,379.4263900938285,379.4263900938449,1.6541434888495132e-11,4.359589981182878e-14,0.0,0.0,True,True,0,0
367,379.431600749013,379.431600749013,379.43160074899663,379.43160074901266,1.6370904631912708e-11,4.3145865024409916e-14,0.0,0.0,True,True,0,0
368,404.3163528096163,404.3163528096163,404.3163528095971,404.3163528096167,1.921307557495311e-11,4.7519907224727375e-14,0.007408530554798398,0.007408530554797621,False,False,0,0
369,404.32135424537444,404.32135424537444,404.3213542453549,404.32135424537444,1.9554136088117957e-11,4.83628576200577e-14,0.0074100194765772676,0.007410019476576379,False,False,0,0
370,379.5288596902339,379.5288596902339,379.5288596902176,379.52885969023384,1.63140612130519e-11,4.2985034725336057e-14,1.8185878636334252e-06,1.8185878636334252e-06,False,False,0,0
371,379.5338782523182,379.5338782523182,379.5338782523021,379.53387825231863,1.6086687537608668e-11,4.238537969702422e-14,3.3237564974752942e-06,3.3237564974752942e-06,False,False,0,0
372,404.2040915947722,404.2040915947722,404.20409159475275,404.204091594772,1.944044925039634e-11,4.80956270721921e-14,0.0073751099301853085,0.00737510993018442,False,False,0,0
373,404.2093026734894,404.2093026734894,404.2093026734693,404.20930267348893,2.006572685786523e-11,4.9641922452422734e-14,0.0073766613146211135,0.007376661314620003,False,False,0,0
374,379.42635540742197,379.42635540742197,379.4263554074059,379.42635540742185,1.6086687537608668e-11,4.2397390978112313e-14,0.0,0.0,True,True,0,0
375,379.43156606954636,379.43156606954636,379.4315660695299,379.4315660695465,1.6484591469634324e-11,4.3445493057930894e-14,0.0,0.0,True,True,0,0
376,404.31635355028516,404.31635355028516,404.31635355026526,404.31635355028556,1.9895196601282805e-11,4.920700443250417e-14,0.007408530775294797,0.007408530775293798,False,False,0,0
377,404.321355192351,404.321355192351,404.3213551923316,404.32135519235135,1.9383605831535533e-11,4.794108840062137e-14,0.007410019758490871,0.007410019758489983,False,False,0,0
378,379.5288945640767,379.5288945640767,379.52889456406047,379.52889456407667,1.6257217794191092e-11,4.283525714916641e-14,1.8290472447723971e-06,1.8290472447723971e-06,False,False,0,0
379,379.5339133049517,379.5339133049517,379.5339133049351,379.53391330495185,1.659827830735594e-11,4.3733320595304456e-14,3.33426948573301e-06,3.33426948573301e-06,False,False,0,0
380,404.20409182373595,404.20409182373595,404.20409182371674,404.20409182373635,1.921307557495311e-11,4.753310509120597e-14,0.0073751099983498936,0.007375109998349116,False,False,0,0
381,404.20930312542464,404.20930312542464,404.2093031254053,404.2093031254251,1.9326762412674725e-11,4.781374961742952e-14,0.007376661449166155,0.007376661449165267,False,False,0,0
382,379.4263893269646,379.4263893269646,379.42638932694774,379.426389326964,1.688249540165998e-11,4.449478443396239e-14,0.0,0.0,True,True,0,0
383,379.43160017410327,379.43160017410327,379.43160017408684,379.43160017410287,1.6427748050773516e-11,4.329567712134571e-14,0.0,0.0,True,True,0,0
384,3503.7239262148614,3503.7239262148614,3503.723926214855,3503.7239262148623,6.366462912410498e-12,1.817056094167872e-15,0.60820390560725,0.6082039056072537,False,False,1,1
385,3503.7220170245964,3503.7220170245964,3503.7220170245864,3503.722017024595,1.000444171950221e-11,2.8553754181669084e-15,0.6082036812622407,0.6082036812622438,False,False,1,1
386,3377.980236094517,3377.980236094517,3377.980236094508,3377.9802360945177,8.640199666842818e-12,2.5578005384756973e-15,0.5931458696880887,0.593145869688092,False,False,1,1
387,3377.9783926412465,3377.9783926412465,3377.9783926412383,3377.978392641246,8.185452315956354e-12,2.4231807798972145e-15,0.5931456447422531,0.5931456447422566,False,False,0,0
388,3503.6743631341715,3503.6743631341715,3503.6743631341647,3503.6743631341724,6.821210263296962e-12,1.94687335531808e-15,0.6081980815102667,0.6081980815102701,False,False,1,1
389,3503.6724470839918,3503.6724470839918,3503.672447083986,3503.6724470839927,5.9117155615240335e-12,1.6872911640025564e-15,0.6081978563558157,0.6081978563558194,False,False,1,1
390,3377.927283642069,3377.927283642069,3377.9272836420587,3377.9272836420687,1.0459189070388675e-11,3.0963333997858043e-15,0.5931394081600718,0.5931394081600749,False,False,0,0
391,3377.9254328834886,3377.9254328834886,3377.9254328834786,3377.925432883488,1.000444171950221e-11,2.9617118312058617e-15,0.5931391823192249,0.5931391823192282,False,False,0,0
392,3503.723928298361,3503.723928298361,3503.7239282983537,3503.7239282983614,7.275957614183426e-12,2.0766355349569765e-15,0.6082039058520776,0.6082039058520812,False,False,1,1
393,3503.722019105454,3503.722019105454,3503.7220191054475,3503.722019105453,6.366462912410498e-12,1.817057083208884e-15,0.608203681506758,0.6082036815067615,False,False,1,1
394,3377.9802282347337,3377.9802282347337,3377.9802282347273,3377.9802282347323,6.366462912410498e-12,1.884695137998924e-15,0.5931458687290054,0.5931458687290092,False,False,0,0
395,3377.978384773113,3377.978384773113,3377.9783847731032,3377.978384773113,9.549694368615746e-12,2.8270442497982905e-15,0.5931456437821504,0.5931456437821538,False,False,0,0
396,3503.674365211994,3503.674365211994,3503.6743652119835,3503.674365211994,1.0459189070388675e-11,2.9852058097173734e-15,0.6081980817544308,0.6081980817544339,False,False,1,1
397,3503.6724491591563,3503.6724491591563,3503.672449159149,3503.6724491591563,7.275957614183426e-12,2.076666046773173e-15,0.6081978565996677,0.6081978565996712,False,False,1,1
398,3377.927275787103,3377.927275787103,3377.927275787094,3377.927275787104,9.094947017729282e-12,2.6924638321617022e-15,0.5931394072015612,0.5931394072015646,False,False,0,0
399,3377.925425020134,3377.925425020134,3377.925425020125,3377.925425020132,8.640199666842818e-12,2.5578420419957374e-15,0.5931391813596902,0.5931391813596936,False,False,0,0
400,3503.72367299934,3503.72367299934,3503.7236729993333,3503.72367299934,6.821210263296962e-12,1.946845955879194e-15,0.608203875852424,0.6082038758524274,False,False,1,1
401,3503.7217637203603,3503.7217637203603,3503.721763720355,3503.721763720361,5.4569682106375694e-12,1.557477613417337e-15,0.6082036514969729,0.6082036514969766,False,False,1,1
402,3377.979882829416,3377.979882829416,3377.979882829409,3377.9798828294165,7.275957614183426e-12,2.1539375208146714e-15,0.5931458265812213,0.5931458265812249,False,False,0,0
403,3377.9780392832713,3377.9780392832713,3377.9780392832627,3377.978039283271,8.640199666842818e-12,2.5578022018982895e-15,0.593145601624029,0.5931456016240324,False,False,0,0
404,3503.674119047219,3503.674119047219,3503.6741190472103,3503.6741190472185,8.640199666842818e-12,2.466039755202009e-15,0.6081980528276931,0.6081980528276966,False,False,1,1
405,3503.6722029097673,3503.6722029097673,3503.672202909758,3503.6722029097655,9.094947017729282e-12,2.5958327409099555e-15,0.6081978276629705,0.6081978276629738,False,False,1,1
406,3377.9269415363715,3377.9269415363715,3377.926941536364,3377.926941536372,7.275957614183426e-12,2.153971278867898e-15,0.593139366414258,0.5931393664142617,False,False,0,0
407,3377.92509068653,3377.92509068653,3377.9250906865223,3377.925090686531,7.73070496506989e-12,2.2885957377754345e-15,0.5931391405622519,0.5931391405622553,False,False,0,0
408,3503.7236750806414,3503.7236750806414,3503.723675080636,3503.7236750806424,5.4569682106375694e-12,1.5574767637781744e-15,0.6082038760969932,0.608203876096997,False,False,1,1
409,3503.7217657990227,3503.7217657990227,3503.721765799013,3503.7217657990223,9.549694368615746e-12,2.725585821863324e-15,0.6082036517412321,0.6082036517412355,False,False,1,1
410,3377.979874968014,3377.979874968014,3377.979874968007,3377.9798749680153,6.821210263296962e-12,2.0193164304632074e-15,0.5931458256219405,0.5931458256219442,False,False,0,0
411,3377.9780314135187,3377.9780314135187,3377.9780314135096,3377.97803141352,9.094947017729282e-12,2.6924233766918525e-15,0.5931456006637288,0.5931456006637321,False,False,0,0
412,3503.674121122841,3503.674121122841,3503.6741211228336,3503.6741211228396,7.275957614183426e-12,2.076665055781975e-15,0.6081980530715989,0.6081980530716024,False,False,1,1
413,3503.6722049827285,3503.6722049827285,3503.672204982722,3503.6722049827285,6.366462912410498e-12,1.8170829175618848e-15,0.6081978279065636,0.6081978279065673,False,False,1,1
414,3377.926933679774,3377.926933679774,3377.926933679765,3377.926933679775,8.640199666842818e-12,2.5578408996048186e-15,0.5931393654555482,0.5931393654555517,False,False,0,0
415,3377.925082821538,3377.925082821538,3377.92508282153,3377.925082821537,8.185452315956354e-12,2.423219022110209e-15,0.5931391396025172,0.5931391396025207,False,False,0,0
416,3503.7275675007627,3503.7275675007627,3503.727567500757,3503.727567500765,5.9117155615240335e-12,1.6872646196464723e-15,0.6082043334868881,0.6082043334868918,False,False,1,1
417,3503.7256590928337,3503.7256590928337,3503.7256590928246,3503.725659092834,9.094947017729282e-12,2.5957931364078597e-15,0.6082041092340544,0.6082041092340578,False,False,1,1
418,3377.9810058810435,3377.9810058810435,3377.9810058810335,3377.9810058810435,1.000444171950221e-11,2.9616631064782606e-15,0.5931459636206056,0.5931459636206089,False,False,1,1
419,3377.979162773135,3377.979162773135,3377.979162773127,3377.9791627731365,8.185452315956354e-12,2.4231802274459705e-15,0.5931457387169645,0.5931457387169679,False,False,0,0
420,3503.6780073301197,3503.6780073301197,3503.678007330112,3503.6780073301197,7.73070496506989e-12,2.206454174412237e-15,0.6081985097382234,0.608198509738227,False,False,1,1
421,3503.6760920644433,3503.6760920644433,3503.676092064437,3503.676092064443,6.366462912410498e-12,1.81708090163644e-15,0.6081982846762053,0.6081982846762088,False,False,1,1
422,3377.9280548916886,3377.9280548916886,3377.9280548916804,3377.928054891689,8.185452315956354e-12,2.4232168900408438e-15,0.593139502272616,0.5931395022726194,False,False,0,0
423,3377.9262044797197,3377.9262044797197,3377.9262044797115,3377.9262044797197,8.185452315956354e-12,2.423218217467574e-15,0.593139276474117,0.5931392764741206,False,False,0,0
424,3503.727569601174,3503.727569601174,3503.7275696011657,3503.7275696011757,8.185452315956354e-12,2.3362125488792204e-15,0.6082043337337029,0.6082043337337063,False,False,1,1
425,3503.725661190613,3503.725661190613,3503.725661190608,3503.725661190615,5.002220859751105e-12,1.4276862241695267e-15,0.6082041094805599,0.6082041094805637,False,False,1,1
426,3377.9809980269756,3377.9809980269756,3377.9809980269674,3377.9809980269756,8.185452315956354e-12,2.423178910934474e-15,0.5931459626622202,0.5931459626622235,False,False,1,1
427,3377.979154910725,3377.979154910725,3377.979154910715,3377.979154910724,1.000444171950221e-11,2.961664729327382e-15,0.5931457377575604,0.5931457377575637,False,False,0,0
428,3503.6780094248325,3503.6780094248325,3503.6780094248224,3503.6780094248325,1.000444171950221e-11,2.8554112828263436e-15,0.6081985099843723,0.6081985099843754,False,False,1,1
429,3503.676094156507,3503.676094156507,3503.6760941565003,3503.676094156507,6.821210263296962e-12,1.9468723934479836e-15,0.6081982849220429,0.6081982849220464,False,False,1,1
430,3377.9280470424346,3377.9280470424346,3377.9280470424264,3377.9280470424346,8.185452315956354e-12,2.423216895671646e-15,0.5931395013148026,0.5931395013148061,False,False,0,0
431,3377.9261966220797,3377.9261966220797,3377.926196622071,3377.9261966220797,8.640199666842818e-12,2.5578414577213093e-15,0.5931392755152798,0.5931392755152833,False,False,0,0
432,3503.727314334482,3503.727314334482,3503.7273143344732,3503.7273143344814,8.640199666842818e-12,2.4660023145905084e-15,0.6082043037378807,0.6082043037378839,False,False,1,1
433,3503.7254058378403,3503.7254058378403,3503.725405837834,3503.7254058378394,6.366462912410498e-12,1.8170553268252183e-15,0.6082040794746055,0.6082040794746091,False,False,1,1
434,3377.9806526453594,3377.9806526453594,3377.98065264535,3377.9806526453585,9.549694368615746e-12,2.827042351807789e-15,0.5931459205173378,0.593145920517341,False,False,1,1
435,3377.978809444583,3377.978809444583,3377.978809444573,3377.978809444584,1.000444171950221e-11,2.961665032217052e-15,0.5931456956023408,0.593145695602344,False,False,0,0
436,3503.677763292975,3503.677763292975,3503.6777632929698,3503.6777632929748,5.4569682106375694e-12,1.5574971727733232e-15,0.6081984810615344,0.6081984810615381,False,False,1,1
437,3503.675847940025,3503.675847940025,3503.675847940017,3503.675847940024,8.185452315956354e-12,2.3362470363144365e-15,0.6081982559892442,0.6081982559892476,False,False,1,1
438,3377.9277128154845,3377.9277128154845,3377.9277128154763,3377.927712815485,8.185452315956354e-12,2.42321713543533e-15,0.5931394605304109,0.5931394605304143,False,False,0,0
439,3377.9258623122605,3377.9258623122605,3377.9258623122505,3377.9258623122614,1.000444171950221e-11,2.9617114546895244e-15,0.5931392347207534,0.5931392347207565,False,False,0,0
440,3503.727316432692,3503.727316432692,3503.7273164326834,3503.7273164326907,8.640199666842818e-12,2.4660023131137407e-15,0.6082043039844367,0.60820430398444,False,False,1,1
441,3503.7254079334193,3503.7254079334193,3503.7254079334143,3503.7254079334193,5.002220859751105e-12,1.427686327365915e-15,0.6082040797208523,0.6082040797208562,False,False,1,1
442,3377.980644789673,3377.980644789673,3377.9806447896644,3377.9806447896735,8.640199666842818e-12,2.5578002290125002e-15,0.5931459195587546,0.5931459195587581,False,False,1,1
443,3377.9788015805493,3377.9788015805493,3377.978801580541,3377.9788015805493,8.185452315956354e-12,2.423180486546096e-15,0.5931456946427385,0.5931456946427418,False,False,0,0
444,3503.6777653854874,3503.6777653854874,3503.6777653854765,3503.6777653854874,1.0913936421275139e-11,3.1149943436862687e-15,0.6081984813074244,0.6081984813074275,False,False,1,1
445,3503.6758500298884,3503.6758500298884,3503.675850029878,3503.6758500298874,1.0459189070388675e-11,2.9852045446211733e-15,0.6081982562348232,0.6081982562348263,False,False,1,1
446,3377.927704964596,3377.927704964596,3377.927704964586,3377.927704964596,1.000444171950221e-11,2.9617098390822627e-15,0.593139459572398,0.5931394595724012,False,False,0,0
447,3377.9258544529835,3377.9258544529835,3377.9258544529735,3377.9258544529835,1.000444171950221e-11,2.961711461580413e-15,0.5931392337617162,0.5931392337617194,False,False,0,0
448,3503.7329086793943,3503.7329086793943,3503.7329086793884,3503.732908679395,5.9117155615240335e-12,1.6872620475378191e-15,0.6082049611164024,0.6082049611164062,False,False,1,1
449,3503.735109984409,3503.735109984409,3503.735109984402,3503.735109984409,7.275957614183426e-12,2.0766289076618587e-15,0.6082052197863572,0.6082052197863608,False,False,1,1
450,3377.987261264877,3377.987261264877,3377.987261264867,3377.9872612648774,1.000444171950221e-11,2.9616576220468275e-15,0.5931467269274558,0.5931467269274591,False,False,1,1
451,3377.989489166754,3377.989489166754,3377.9894891667464,3377.9894891667545,7.73070496506989e-12,2.28855210765526e-15,0.5931469987845706,0.5931469987845741,False,False,1,1
452,3503.683381236786,3503.683381236786,3503.6833812367804,3503.6833812367868,5.4569682106375694e-12,1.5574946754210657e-15,0.6081991412229166,0.6081991412229204,False,False,1,1
453,3503.685589466556,3503.685589466556,3503.685589466549,3503.6855894665564,6.821210263296962e-12,1.946867117244817e-15,0.6081994007104365,0.6081994007104401,False,False,1,1
454,3377.9343416635234,3377.9343416635234,3377.9343416635124,3377.934341663523,1.0913936421275139e-11,3.2309498401618958e-15,0.5931402694217345,0.5931402694217376,False,False,0,0
455,3377.936577285225,3377.936577285225,3377.936577285215,3377.9365772852234,1.000444171950221e-11,2.9617020600021343e-15,0.5931405422251814,0.5931405422251848,False,False,0,0
456,3503.7329105563986,3503.7329105563986,3503.73291055639,3503.7329105563986,8.640199666842818e-12,2.465998375849585e-15,0.6082049613369647,0.608204961336968,False,False,1,1
457,3503.735111886507,3503.735111886507,3503.7351118864954,3503.735111886506,1.1823431123048067e-11,3.3745219731185694e-15,0.608205220009868,0.608205220009871,False,False,1,1
458,3377.987253223917,3377.987253223917,3377.987253223908,3377.987253223916,9.094947017729282e-12,2.6924160264515968e-15,0.5931467259462668,0.5931467259462702,False,False,1,1
459,3377.989481155764,3377.989481155764,3377.9894811557533,3377.989481155764,1.0913936421275139e-11,3.2308971008225234e-15,0.5931469978070394,0.5931469978070425,False,False,1,1
460,3503.683383108065,3503.683383108065,3503.6833831080585,3503.683383108067,6.366462912410498e-12,1.8170771203540957e-15,0.6081991414428094,0.608199141442813,False,False,1,1
461,3503.6855913629615,3503.6855913629615,3503.685591362952,3503.685591362963,9.549694368615746e-12,2.7256139626674777e-15,0.6081994009332817,0.608199400933285,False,False,1,1
462,3377.9343336273046,3377.9343336273046,3377.9343336272937,3377.934333627304,1.0913936421275139e-11,3.2309498478484334e-15,0.5931402684411085,0.5931402684411116,False,False,0,0
463,3377.936569279046,3377.936569279046,3377.936569279035,3377.9365692790457,1.0913936421275139e-11,3.230947709478305e-15,0.5931405412482217,0.5931405412482247,False,False,0,0
464,3503.7326550007833,3503.7326550007833,3503.732655000778,3503.732655000784,5.4569682106375694e-12,1.5574727720304188e-15,0.60820493130724,0.6082049313072437,False,False,1,1
465,3503.7348564541117,3503.7348564541117,3503.7348564541057,3503.7348564541135,5.9117155615240335e-12,1.687261109565486e-15,0.6082051899946423,0.6082051899946459,False,False,1,1
466,3377.986907536342,3377.986907536342,3377.986907536331,3377.986907536341,1.1368683772161603e-11,3.3655203774762685e-15,0.5931466837641293,0.5931466837641324,False,False,1,1
467,3377.98913558868,3377.98913558868,3377.989135588674,3377.9891355886816,5.9117155615240335e-12,1.7500694419769952e-15,0.5931469556396327,0.5931469556396365,False,False,1,1
468,3503.6831366804677,3503.6831366804677,3503.683136680459,3503.6831366804686,8.640199666842818e-12,2.4660334082119357e-15,0.6081991124852658,0.6081991124852693,False,False,1,1
469,3503.6853450567723,3503.6853450567723,3503.6853450567646,3503.685345056772,7.73070496506989e-12,2.206449553461435e-15,0.608199371990024,0.6081993719900274,False,False,1,1
470,3377.9339990874287,3377.9339990874287,3377.933999087419,3377.933999087428,9.549694368615746e-12,2.8270813968525317e-15,0.5931402276186086,0.593140227618612,False,False,0,0
471,3377.936234857597,3377.936234857597,3377.936234857585,3377.936234857598,1.1823431123048067e-11,3.500193698459943e-15,0.5931405004402004,0.5931405004402033,False,False,0,0
472,3503.7326568756057,3503.7326568756057,3503.732656875598,3503.732656875605,7.73070496506989e-12,2.206419759195787e-15,0.6082049315275457,0.6082049315275493,False,False,1,1
473,3503.7348583540243,3503.7348583540243,3503.7348583540165,3503.7348583540224,7.73070496506989e-12,2.206418372850736e-15,0.6082051902178962,0.6082051902178998,False,False,1,1
474,3377.9868994937774,3377.9868994937774,3377.986899493769,3377.986899493778,8.185452315956354e-12,2.4231746775521893e-15,0.5931466827827443,0.5931466827827477,False,False,1,1
475,3377.9891275760865,3377.9891275760865,3377.9891275760783,3377.989127576087,8.185452315956354e-12,2.4231730792543775e-15,0.5931469546619057,0.5931469546619091,False,False,1,1
476,3503.68313854956,3503.68313854956,3503.683138549553,3503.6831385495607,7.275957614183426e-12,2.0766597110706465e-15,0.6081991127049017,0.6081991127049051,False,False,1,1
477,3503.6853469509933,3503.6853469509933,3503.6853469509856,3503.685346950994,7.73070496506989e-12,2.2064495522685477e-15,0.6081993722126124,0.608199372212616,False,False,1,1
478,3377.933991049592,3377.933991049592,3377.9339910495837,3377.933991049592,8.185452315956354e-12,2.4232126316396637e-15,0.593140226637785,0.5931402266377885,False,False,0,0
479,3377.936226849798,3377.936226849798,3377.936226849789,3377.9362268497985,9.094947017729282e-12,2.6924566975058216e-15,0.5931404994630427,0.593140499463046,False,False,0,0
480,3503.7365514733797,3503.7365514733797,3503.736551473371,3503.7365514733788,8.640199666842818e-12,2.4659958133009374e-15,0.608205389172099,0.6082053891721024,False,False,1,1
481,3503.738751641018,3503.738751641018,3503.738751641011,3503.7387516410186,7.275957614183426e-12,2.0766267492904955e-15,0.608205647708121,0.6082056477081246,False,False,1,1
482,3377.988031590145,3377.988031590145,3377.988031590136,3377.9880315901455,9.094947017729282e-12,2.6924154060569455e-15,0.5931468209255142,0.5931468209255175,False,False,1,1
483,3377.9902589978747,3377.9902589978747,3377.9902589978637,3377.9902589978738,1.0913936421275139e-11,3.230896356851219e-15,0.5931470927222684,0.5931470927222715,False,False,1,1
484,3503.6870269421624,3503.6870269421624,3503.687026942155,3503.687026942162,7.275957614183426e-12,2.0766574063932607e-15,0.6081995696270869,0.6081995696270904,False,False,1,1
485,3503.6892340316354,3503.6892340316354,3503.68923403163,3503.6892340316363,5.4569682106375694e-12,1.557492073678672e-15,0.6081998289803278,0.6081998289803315,False,False,1,1
486,3377.9351134527797,3377.9351134527797,3377.9351134527706,3377.9351134527797,9.094947017729282e-12,2.692457584963146e-15,0.5931403635999292,0.5931403635999326,False,False,0,0
487,3377.937348578634,3377.937348578634,3377.9373485786246,3377.937348578633,9.549694368615746e-12,2.8270785935784332e-15,0.5931406363428067,0.59314063634281,False,False,0,0
488,3503.7365533672405,3503.7365533672405,3503.736553367231,3503.7365533672405,9.549694368615746e-12,2.72557431849095e-15,0.6082053893946417,0.6082053893946451,False,False,1,1
489,3503.738753559968,3503.738753559968,3503.738753559962,3503.7387535599682,5.9117155615240335e-12,1.6872592328744388e-15,0.6082056479336118,0.6082056479336154,False,False,1,1
490,3377.988023554873,3377.988023554873,3377.988023554865,3377.988023554874,8.185452315956354e-12,2.423173871215292e-15,0.5931468199450194,0.5931468199450228,False,False,1,1
491,3377.9902509925682,3377.9902509925682,3377.9902509925587,3377.990250992566,9.549694368615746e-12,2.827034318944444e-15,0.5931470917454309,0.5931470917454341,False,False,1,1
492,3503.6870288302807,3503.6870288302807,3503.6870288302725,3503.687028830281,8.185452315956354e-12,2.3362395809334315e-15,0.6081995698489582,0.6081995698489616,False,False,1,1
493,3503.6892359448766,3503.6892359448766,3503.689235944866,3503.6892359448757,1.0459189070388675e-11,2.9851931395873458e-15,0.6081998292051511,0.6081998292051543,False,False,1,1
494,3377.935105422246,3377.935105422246,3377.9351054222384,3377.9351054222457,7.73070496506989e-12,2.288588952659451e-15,0.5931403626199971,0.5931403626200005,False,False,0,0
495,3377.9373405781325,3377.9373405781325,3377.9373405781266,3377.9373405781334,5.9117155615240335e-12,1.7500962763602495e-15,0.59314063536654,0.5931406353665437,False,False,0,0
496,3503.736297843941,3503.736297843941,3503.7362978439337,3503.736297843942,7.275957614183426e-12,2.076628203629582e-15,0.6082053593687471,0.6082053593687506,False,False,1,1
497,3503.738498159911,3503.738498159911,3503.7384981599052,3503.738498159913,5.9117155615240335e-12,1.6872593558648115e-15,0.6082056179222188,0.6082056179222226,False,False,1,1
498,3377.987677891034,3377.987677891034,3377.9876778910243,3377.9876778910343,9.549694368615746e-12,2.8270364723703997e-15,0.5931467777657881,0.5931467777657913,False,False,1,1
499,3377.9899054492207,3377.9899054492207,3377.9899054492125,3377.989905449222,8.185452315956354e-12,2.423172521253528e-15,0.5931470495809306,0.5931470495809339,False,False,1,1
500,3503.686782435584,3503.686782435584,3503.6867824355777,3503.686782435586,6.366462912410498e-12,1.8170753573996297e-15,0.6081995408953125,0.6081995408953161,False,False,1,1
501,3503.6889896716084,3503.6889896716084,3503.6889896716048,3503.6889896716084,3.637978807091713e-12,1.0383281215358932e-15,0.6081998002657936,0.6081998002657976,False,False,1,1
502,3377.934770906186,3377.934770906186,3377.9347709061776,3377.9347709061867,8.185452315956354e-12,2.423212072197733e-15,0.5931403218004128,0.5931403218004161,False,False,0,0
503,3377.937006180505,3377.937006180505,3377.937006180496,3377.9370061805057,8.640199666842818e-12,2.5578332725074853e-15,0.5931405945614348,0.5931405945614382,False,False,0,0
504,3503.7362997356176,3503.7362997356176,3503.736299735612,3503.7362997356186,5.4569682106375694e-12,1.5574711518813037e-15,0.6082053595910333,0.608205359591037,False,False,1,1
505,3503.7385000766744,3503.7385000766744,3503.738500076668,3503.738500076674,6.366462912410498e-12,1.8170485360911426e-15,0.6082056181474527,0.6082056181474564,False,False,1,1
506,3377.9876698541575,3377.9876698541575,3377.9876698541475,3377.9876698541575,1.000444171950221e-11,2.961657263815337e-15,0.5931467767850974,0.5931467767851006,False,False,1,1
507,3377.9898974423118,3377.9898974423118,3377.989897442304,3377.9898974423113,7.73070496506989e-12,2.2885518310529263e-15,0.5931470486038972,0.5931470486039008,False,False,1,1
508,3503.686784321515,3503.686784321515,3503.686784321507,3503.686784321517,8.185452315956354e-12,2.336239743970567e-15,0.6081995411169268,0.6081995411169301,False,False,1,1
509,3503.68899158266,3503.68899158266,3503.688991582654,3503.6889915826614,5.9117155615240335e-12,1.687283196575515e-15,0.6081998004903595,0.6081998004903633,False,False,1,1
510,3377.9347628740334,3377.9347628740334,3377.9347628740234,3377.9347628740334,1.000444171950221e-11,2.9617036508396554e-15,0.593140320820283,0.5931403208202862,False,False,0,0
511,3377.9369981783875,3377.9369981783875,3377.936998178378,3377.936998178387,9.549694368615746e-12,2.8270788868370216e-15,0.5931405935849708,0.5931405935849741,False,False,0,0
512,3687.828323285422,3687.828323285422,3687.8283232853823,3687.8283232854246,3.956301952712238e-11,1.0727999261060063e-14,0.629251198060363,0.6292511980603629,False,False,2,2
513,3687.8368918483507,3687.8368918483507,3687.83689184831,3687.836891848353,4.0472514228895307e-11,1.0974594434573924e-14,0.6292521508437232,0.629252150843723,False,False,2,2
514,3687.717178636174,3687.717178636174,3687.7171786361305,3687.7171786361737,4.3655745685100555e-11,1.1838149069025334e-14,0.6292388390832084,0.6292388390832079,False,False,2,2
515,3687.7257292589047,3687.7257292589047,3687.7257292588647,3687.7257292589056,4.001776687800884e-11,1.0851611485231283e-14,0.6292397899034015,0.6292397899034012,False,False,2,2
516,3559.7686902793134,3559.7686902793134,3559.768690279272,3559.768690279313,4.1382008930668235e-11,1.1624915136668961e-14,0.6147345675947495,0.6147345675947492,False,False,1,1
517,3559.775042391542,3559.775042391542,3559.7750423914995,3559.7750423915422,4.229150363244116e-11,1.1880386577469997e-14,0.6147353015756654,0.6147353015756648,False,False,1,1
518,3559.653270184779,3559.653270184779,3559.653270184736,3559.653270184779,4.320099833421409e-11,1.2136293918303891e-14,0.6147212306619863,0.6147212306619856,False,False,1,1
519,3559.65960328879,3559.65960328879,3559.6596032887473,3559.6596032887924,4.274625098332763e-11,1.2008522091223025e-14,0.6147219624718541,0.6147219624718534,False,False,1,1
520,3687.8282972067846,3687.8282972067846,3687.8282972067423,3687.828297206783,4.229150363244116e-11,1.1467861360159683e-14,0.6292511951605391,0.6292511951605386,False,False,2,2
521,3687.836865752331,3687.836865752331,3687.8368657522888,3687.8368657523315,4.229150363244116e-11,1.146783471502977e-14,0.6292521479419739,0.6292521479419735,False,False,2,2
522,3687.717152393473,3687.717152393473,3687.71715239343,3687.7171523934717,4.320099833421409e-11,1.171483509958863e-14,0.6292388361650442,0.6292388361650436,False,False,2,2
523,3687.725702999262,3687.725702999262,3687.725702999218,3687.7257029992625,4.411049303598702e-11,1.1961435472305205e-14,0.6292397869833606,0.62923978698336,False,False,2,2
524,3559.7686530244728,3559.7686530244728,3559.7686530244296,3559.7686530244714,4.320099833421409e-11,1.2135900544410208e-14,0.6147345632899819,0.6147345632899811,False,False,1,1
525,3559.7750051347894,3559.7750051347894,3559.7750051347475,3559.7750051347884,4.18367562815547e-11,1.1752640608242759e-14,0.6147352972706848,0.6147352972706843,False,False,1,1
526,3559.653232739941,3559.653232739941,3559.6532327398945,3559.6532327399377,4.638422979041934e-11,1.3030547291460863e-14,0.6147212263351147,0.6147212263351136,False,False,1,1
527,3559.659565842528,3559.659565842528,3559.6595658424812,3559.6595658425263,4.6838977141305804e-11,1.3158274344760153e-14,0.614721958144826,0.614721958144825,False,False,1,1
528,3687.8245990501146,3687.8245990501146,3687.824599050071,3687.824599050114,4.3655745685100555e-11,1.1837804242735707e-14,0.6292507839423831,0.6292507839423824,False,False,2,2
529,3687.8331695491333,3687.8331695491333,3687.8331695490933,3687.833169549136,4.001776687800884e-11,1.0851295337446441e-14,0.6292517369420914,0.6292517369420914,False,False,2,2
530,3687.7134580400543,3687.7134580400543,3687.7134580400134,3687.713458040056,4.092726157978177e-11,1.1098275949437185e-14,0.6292384253560985,0.6292384253560983,False,False,2,2
531,3687.7220105984698,3687.7220105984698,3687.7220105984275,3687.722010598469,4.229150363244116e-11,1.1468191884012916e-14,0.6292393763925985,0.6292393763925981,False,False,2,2
532,3559.760406843925,3559.760406843925,3559.7604068438823,3559.760406843926,4.274625098332763e-11,1.2008182039764399e-14,0.6147336104490606,0.6147336104490602,False,False,1,1
533,3559.7667617501857,3559.7667617501857,3559.766761750143,3559.766761750188,4.274625098332763e-11,1.2008160602721937e-14,0.6147343447546483,0.6147343447546477,False,False,1,1
534,3559.6449920787873,3559.6449920787873,3559.644992078741,3559.6449920787854,4.638422979041934e-11,1.3030577457481663e-14,0.6147202740989939,0.6147202740989928,False,False,1,1
535,3559.651327976503,3559.651327976503,3559.65132797646,3559.6513279765054,4.320099833421409e-11,1.2136300540078979e-14,0.6147210062335002,0.6147210062334996,False,False,1,1
536,3687.824572984684,3687.824572984684,3687.8245729846426,3687.8245729846835,4.1382008930668235e-11,1.1221252017738019e-14,0.6292507810440244,0.629250781044024,False,False,2,2
537,3687.833143466306,3687.833143466306,3687.8331434662646,3687.833143466307,4.1382008930668235e-11,1.1221225939677964e-14,0.6292517340418058,0.6292517340418055,False,False,2,2
538,3687.71343181058,3687.71343181058,3687.7134318105386,3687.7134318105796,4.1382008930668235e-11,1.1221590206468578e-14,0.6292384224394019,0.6292384224394014,False,False,2,2
539,3687.7219843520297,3687.7219843520297,3687.721984351987,3687.721984352031,4.274625098332763e-11,1.1591505857738507e-14,0.6292393734740227,0.6292393734740223,False,False,2,2
540,3559.76036961681,3559.76036961681,3559.760369616768,3559.7603696168094,4.18367562815547e-11,1.1752688927782579e-14,0.6147336061474858,0.6147336061474853,False,False,1,1
541,3559.7667245211287,3559.7667245211287,3559.7667245210846,3559.766724521129,4.411049303598702e-11,1.2391399900486712e-14,0.6147343404528574,0.6147343404528565,False,False,1,1
542,3559.6449546617087,3559.6449546617087,3559.644954661666,3559.6449546617077,4.274625098332763e-11,1.2008571508612724e-14,0.6147202697753191,0.6147202697753186,False,False,1,1
543,3559.651290557965,3559.651290557965,3559.65129055792,3559.651290557965,4.4565240386873484e-11,1.251955226768519e-14,0.6147210019096652,0.6147210019096643,False,False,1,1
544,3687.8290602286625,3687.8290602286625,3687.829060228621,3687.8290602286615,4.1382008930668235e-11,1.1221238364042383e-14,0.6292512800050354,0.629251280005035,False,False,2,2
545,3687.8376306864056,3687.8376306864056,3687.8376306863634,3687.8376306864056,4.229150363244116e-11,1.1467832336362808e-14,0.629252232998879,0.6292522329988786,False,False,2,2
546,3687.717897961267,3687.717897961267,3687.7178979612263,3687.717897961267,4.092726157978177e-11,1.1098262587387219e-14,0.6292389190714911,0.6292389190714908,False,False,2,2
547,3687.7264504546947,3687.7264504546947,3687.726450454652,3687.7264504546943,4.274625098332763e-11,1.1591491819589015e-14,0.6292398700994981,0.6292398700994976,False,False,2,2
548,3559.76958086962,3559.76958086962,3559.7695808695753,3559.7695808696208,4.4565240386873484e-11,1.2519136245887745e-14,0.6147346705017513,0.6147346705017506,False,False,1,1
549,3559.7759351404893,3559.7759351404893,3559.7759351404447,3559.775935140489,4.4565240386873484e-11,1.2519113898980465e-14,0.6147354047318998,0.6147354047318989,False,False,1,1
550,3559.6541401384757,3559.6541401384757,3559.6541401384334,3559.6541401384743,4.229150363244116e-11,1.188079009012824e-14,0.6147213311879243,0.6147213311879238,False,False,1,1
551,3559.660475374305,3559.660475374305,3559.6604753742636,3559.660475374305,4.1382008930668235e-11,1.1625268538094729e-14,0.614722063243939,0.6147220632439385,False,False,1,1
552,3687.8290341463326,3687.8290341463326,3687.829034146288,3687.829034146332,4.4565240386873484e-11,1.2084410631359312e-14,0.6292512771048016,0.6292512771048009,False,False,2,2
553,3687.8376045867117,3687.8376045867117,3687.8376045866707,3687.837604586713,4.092726157978177e-11,1.109790233953873e-14,0.6292522300967218,0.6292522300967216,False,False,2,2
554,3687.7178717149727,3687.7178717149727,3687.7178717149327,3687.717871714973,4.001776687800884e-11,1.0851634607123182e-14,0.6292389161529277,0.6292389161529276,False,False,2,2
555,3687.7264241914727,3687.7264241914727,3687.726424191432,3687.7264241914745,4.0472514228895307e-11,1.0974923183942212e-14,0.6292398671790599,0.6292398671790597,False,False,2,2
556,3559.7695436107524,3559.7695436107524,3559.769543610708,3559.769543610752,4.4565240386873484e-11,1.2519136376921182e-14,0.6147346661965194,0.6147346661965185,False,False,1,1
557,3559.7758978797365,3559.7758978797365,3559.775897879691,3559.7758978797356,4.547473508864641e-11,1.2774606153081699e-14,0.6147354004264581,0.6147354004264571,False,False,1,1
558,3559.654102689721,3559.654102689721,3559.6541026896784,3559.654102689722,4.274625098332763e-11,1.200854064753876e-14,0.6147213268606013,0.6147213268606007,False,False,1,1
559,3559.6604379241526,3559.6604379241526,3559.660437924108,3559.6604379241535,4.4565240386873484e-11,1.2519520095816246e-14,0.6147220589164626,0.6147220589164619,False,False,1,1
560,3687.825335952849,3687.825335952849,3687.8253359528053,3687.8253359528485,4.3655745685100555e-11,1.1837801877300926e-14,0.6292508658826428,0.6292508658826423,False,False,2,2
561,3687.8339083466153,3687.8339083466153,3687.8339083465726,3687.8339083466144,4.274625098332763e-11,1.159115406108196e-14,0.6292518190928273,0.6292518190928269,False,False,2,2
562,3687.7141773242593,3687.7141773242593,3687.7141773242183,3687.7141773242593,4.092726157978177e-11,1.109827378473184e-14,0.6292385053399236,0.6292385053399234,False,False,2,2
563,3687.722731753297,3687.722731753297,3687.7227317532534,3687.722731753296,4.3655745685100555e-11,1.1838131242677454e-14,0.6292394565842296,0.629239456584229,False,False,2,2
564,3559.7612974053345,3559.7612974053345,3559.7612974052927,3559.7612974053363,4.18367562815547e-11,1.1752685864653056e-14,0.6147337133529791,0.6147337133529786,False,False,1,1
565,3559.767654470179,3559.767654470179,3559.767654470136,3559.76765447018,4.274625098332763e-11,1.2008157591310493e-14,0.6147344479077932,0.6147344479077927,False,False,1,1
566,3559.645862002293,3559.645862002293,3559.6458620022477,3559.6458620022927,4.547473508864641e-11,1.2775072816672547e-14,0.6147203746216927,0.6147203746216918,False,False,1,1
567,3559.6522000317736,3559.6522000317736,3559.65220003173,3559.652200031774,4.3655745685100555e-11,1.2264048067592357e-14,0.6147211070023404,0.6147211070023398,False,False,1,1
568,3687.8253098837263,3687.8253098837263,3687.825309883683,3687.825309883726,4.320099833421409e-11,1.1714491523888419e-14,0.6292508629838742,0.6292508629838738,False,False,2,2
569,3687.8338822601136,3687.8338822601136,3687.8338822600717,3687.8338822601127,4.18367562815547e-11,1.1344533842157435e-14,0.6292518161921339,0.6292518161921334,False,False,2,2
570,3687.7141510911915,3687.7141510911915,3687.714151091149,3687.7141510911924,4.274625098332763e-11,1.1591530479844553e-14,0.629238502422828,0.6292385024228274,False,False,2,2
571,3687.7227055032827,3687.7227055032827,3687.7227055032417,3687.7227055032836,4.092726157978177e-11,1.1098248119009864e-14,0.6292394536652569,0.6292394536652566,False,False,2,2
572,3559.7612601741994,3559.7612601741994,3559.7612601741557,3559.7612601741994,4.3655745685100555e-11,1.2263672334858835e-14,0.6147337090509408,0.6147337090509402,False,False,1,1
573,3559.767617237125,3559.767617237125,3559.7676172370825,3559.767617237125,4.229150363244116e-11,1.1880411358218169e-14,0.6147344436055415,0.6147344436055409,False,False,1,1
574,3559.6458245813083,3559.6458245813083,3559.645824581263,3559.6458245813064,4.547473508864641e-11,1.2775072950971248e-14,0.6147203702975679,0.6147203702975669,False,False,1,1
575,3559.65216260935,3559.65216260935,3559.652162609308,3559.65216260935,4.18367562815547e-11,1.1753046188335123e-14,0.6147211026780575,0.614721102678057,False,False,1,1
576,3688.4353149825247,3688.4353149825247,3688.435314982485,3688.4353149825265,3.956301952712238e-11,1.0726233795240034e-14,0.6293186865875885,0.6293186865875884,False,False,2,2
577,3688.3665574189135,3688.3665574189135,3688.366557418875,3688.3665574189145,3.865352482534945e-11,1.0479849066953596e-14,0.6293110423773064,0.6293110423773063,False,False,2,2
578,3688.3241801236404,3688.3241801236404,3688.3241801235977,3688.3241801236386,4.274625098332763e-11,1.158961330288887e-14,0.6293063309486572,0.6293063309486567,False,False,2,2
579,3688.2554517316453,3688.2554517316453,3688.2554517316034,3688.255451731646,4.18367562815547e-11,1.1343237156176976e-14,0.6292986897269097,0.6292986897269095,False,False,2,2
580,3560.3606150503965,3560.3606150503965,3560.3606150503556,3560.3606150503992,4.092726157978177e-11,1.1495257364316859e-14,0.6148029579696106,0.6148029579696104,False,False,1,1
581,3560.2964158072123,3560.2964158072123,3560.296415807171,3560.2964158072127,4.1382008930668235e-11,1.1623192031690948e-14,0.6147955410425524,0.6147955410425521,False,False,1,1
582,3560.2452031320718,3560.2452031320718,3560.2452031320277,3560.2452031320704,4.411049303598702e-11,1.2389734560187451e-14,0.6147896243489719,0.6147896243489712,False,False,1,1
583,3560.181034867156,3560.181034867156,3560.1810348671142,3560.181034867157,4.18367562815547e-11,1.175130024900989e-14,0.6147822107442484,0.614782210744248,False,False,1,1
584,3688.435287661887,3688.435287661887,3688.4352876618445,3688.4352876618896,4.229150363244116e-11,1.1465974141910433e-14,0.6293186835502129,0.6293186835502125,False,False,2,2
585,3688.3665301984993,3688.3665301984993,3688.366530198458,3688.366530198501,4.1382008930668235e-11,1.1219603201540046e-14,0.6293110393510107,0.6293110393510104,False,False,2,2
586,3688.3241526386764,3688.3241526386764,3688.324152638635,3688.324152638675,4.1382008930668235e-11,1.12197321108729e-14,0.6293063278929107,0.6293063278929104,False,False,2,2
587,3688.2554243462146,3688.2554243462146,3688.2554243461727,3688.2554243462146,4.18367562815547e-11,1.1343237240400926e-14,0.6292986866821666,0.6292986866821662,False,False,2,2
588,3560.3605764021986,3560.3605764021986,3560.360576402159,3560.3605764022022,3.956301952712238e-11,1.1112082239462792e-14,0.6148029535046343,0.614802953504634,False,False,1,1
589,3560.296377241638,3560.296377241638,3560.296377241593,3560.2963772416388,4.501998773775995e-11,1.264501124837238e-14,0.6147955365870357,0.6147955365870348,False,False,1,1
590,3560.245164293601,3560.245164293601,3560.2451642935594,3560.2451642936026,4.18367562815547e-11,1.17510885770294e-14,0.6147896198618583,0.6147896198618579,False,False,1,1
591,3560.18099611055,3560.18099611055,3560.1809961105046,3560.1809961105473,4.547473508864641e-11,1.2773152583626211e-14,0.6147822062665067,0.6147822062665058,False,False,1,1
592,3688.43160074388,3688.43160074388,3688.431600743836,3688.4316007438797,4.411049303598702e-11,1.1959146274283858e-14,0.6293182736563733,0.6293182736563725,False,False,2,2
593,3688.3628392216606,3688.3628392216606,3688.3628392216165,3688.36283922166,4.411049303598702e-11,1.1959369226617485e-14,0.6293106289974673,0.6293106289974666,False,False,2,2
594,3688.320469517669,3688.320469517669,3688.320469517626,3688.3204695176682,4.320099833421409e-11,1.1712918845108813e-14,0.6293059184075549,0.6293059184075543,False,False,2,2
595,3688.2517371683307,3688.2517371683307,3688.251737168288,3688.251737168331,4.274625098332763e-11,1.15898409407776e-14,0.6292982767373212,0.6292982767373207,False,False,2,2
596,3560.352345966274,3560.352345966274,3560.3523459662306,3560.352345966274,4.320099833421409e-11,1.2133910954953367e-14,0.6148020026518167,0.614802002651816,False,False,1,1
597,3560.2881410041764,3560.2881410041764,3560.2881410041314,3560.288141004177,4.501998773775995e-11,1.264504050086859e-14,0.6147945850456509,0.61479458504565,False,False,1,1
598,3560.2369393684094,3560.2369393684094,3560.2369393683657,3560.23693936841,4.3655745685100555e-11,1.2262033799594569e-14,0.6147886696127982,0.6147886696127975,False,False,1,1
599,3560.1727653859143,3560.1727653859143,3560.1727653858707,3560.1727653859157,4.3655745685100555e-11,1.2262254829188992e-14,0.6147812553291185,0.6147812553291179,False,False,1,1
600,3688.431573436595,3688.431573436595,3688.4315734365537,3688.431573436595,4.1382008930668235e-11,1.1219405350689936e-14,0.6293182706204787,0.6293182706204784,False,False,2,2
601,3688.3628120146177,3688.3628120146177,3688.362812014577,3688.3628120146186,4.092726157978177e-11,1.1096322044692486e-14,0.6293106259726549,0.6293106259726545,False,False,2,2
602,3688.320442046075,3688.320442046075,3688.3204420460315,3688.3204420460747,4.3655745685100555e-11,1.1836212815848173e-14,0.6293059153532915,0.629305915353291,False,False,2,2
603,3688.2517097962927,3688.2517097962927,3688.2517097962505,3688.2517097962927,4.229150363244116e-11,1.1466544845654523e-14,0.6292982736940637,0.6292982736940631,False,False,2,2
604,3560.3523073460756,3560.3523073460756,3560.352307346029,3560.3523073460747,4.638422979041934e-11,1.302798874558418e-14,0.614801998190064,0.614801998190063,False,False,1,1
605,3560.2881024666394,3560.2881024666394,3560.288102466595,3560.2881024666385,4.4565240386873484e-11,1.2517312954532468e-14,0.6147945805933622,0.6147945805933615,False,False,1,1
606,3560.23690055797,3560.23690055797,3560.236900557927,3560.23690055797,4.274625098332763e-11,1.2006574892987688e-14,0.6147886651289121,0.6147886651289114,False,False,1,1
607,3560.172726657378,3560.172726657378,3560.172726657335,3560.1727266573776,4.320099833421409e-11,1.2134523140054279e-14,0.6147812508546087,0.614781250854608,False,False,1,1
608,3688.436055006206,3688.436055006206,3688.436055006163,3688.4360550062047,4.320099833421409e-11,1.171255179429738e-14,0.6293187688598125,0.6293187688598121,False,False,2,2
609,3688.367294205058,3688.367294205058,3688.367294205018,3688.3672942050575,4.001776687800884e-11,1.0849723925510989e-14,0.6293111242912861,0.6293111242912859,False,False,2,2
610,3688.3249024971165,3688.3249024971165,3688.3249024970764,3688.324902497117,4.001776687800884e-11,1.084984862665312e-14,0.6293064112612947,0.6293064112612945,False,False,2,2
611,3688.25617090781,3688.25617090781,3688.256170907767,3688.2561709078104,4.320099833421409e-11,1.171312304036105e-14,0.6292987696857222,0.6292987696857215,False,False,2,2
612,3560.3615091431266,3560.3615091431266,3560.361509143084,3560.3615091431257,4.274625098332763e-11,1.2006154676583778e-14,0.6148030612629752,0.6148030612629747,False,False,1,1
613,3560.2973062391743,3560.2973062391743,3560.2973062391306,3560.297306239173,4.3655745685100555e-11,1.226182588982018e-14,0.614795643914974,0.6147956439149733,False,False,1,1
614,3560.2460765553287,3560.2460765553287,3560.2460765552887,3560.2460765553305,4.001776687800884e-11,1.1240168802244009e-14,0.6147897252579124,0.6147897252579122,False,False,1,1
615,3560.1819046738037,3560.1819046738037,3560.181904673759,3560.1819046738037,4.4565240386873484e-11,1.251768633742233e-14,0.6147823112372864,0.6147823112372857,False,False,1,1
616,3688.4360276819953,3688.4360276819953,3688.4360276819557,3688.436027681996,3.956301952712238e-11,1.0726231722659383e-14,0.6293187658220404,0.6293187658220403,False,False,2,2
617,3688.367266981035,3688.367266981035,3688.3672669809935,3688.3672669810344,4.1382008930668235e-11,1.121960096032948e-14,0.6293111212645899,0.6293111212645897,False,False,2,2
618,3688.3248750086805,3688.3248750086805,3688.324875008638,3688.3248750086805,4.229150363244116e-11,1.1466317384078492e-14,0.6293064082051628,0.6293064082051624,False,False,2,2
619,3688.25614351887,3688.25614351887,3688.2561435188263,3688.2561435188695,4.3655745685100555e-11,1.1836419160261937e-14,0.6292987666405894,0.6292987666405888,False,False,2,2
620,3560.3614704910497,3560.3614704910497,3560.361470491007,3560.3614704910506,4.274625098332763e-11,1.2006154806925267e-14,0.6148030567975519,0.6148030567975513,False,False,1,1
621,3560.2972676696763,3560.2972676696763,3560.297267669632,3560.297267669676,4.411049303598702e-11,1.2389553377057946e-14,0.6147956394590051,0.6147956394590044,False,False,1,1
622,3560.2460377130947,3560.2460377130947,3560.246037713051,3560.246037713093,4.3655745685100555e-11,1.226200246349901e-14,0.6147897207703652,0.6147897207703645,False,False,1,1
623,3560.181865913386,3560.181865913386,3560.181865913342,3560.181865913386,4.411049303598702e-11,1.2389954979075264e-14,0.6147823067591054,0.6147823067591045,False,False,1,1
624,3688.4323407260563,3688.4323407260563,3688.4323407260154,3688.4323407260567,4.092726157978177e-11,1.1096112873721676e-14,0.6293183559240747,0.6293183559240744,False,False,2,2
625,3688.363575966455,3688.363575966455,3688.3635759664126,3688.363575966455,4.229150363244116e-11,1.1466197071247131e-14,0.6293107109069411,0.6293107109069407,False,False,2,2
626,3688.3211918492616,3688.3211918492616,3688.3211918492198,3688.3211918492634,4.18367562815547e-11,1.1343034975915007e-14,0.6293059987156252,0.6293059987156249,False,False,2,2
627,3688.252456302769,3688.252456302769,3688.2524563027273,3688.2524563027678,4.18367562815547e-11,1.134324636863207e-14,0.6292983566915835,0.6292983566915831,False,False,2,2
628,3560.3532400285294,3560.3532400285294,3560.3532400284853,3560.3532400285308,4.411049303598702e-11,1.2389358600730741e-14,0.6148021059419168,0.614802105941916,False,False,1,1
629,3560.2890314058204,3560.2890314058204,3560.289031405779,3560.2890314058222,4.1382008930668235e-11,1.1623216139372842e-14,0.6147946879148252,0.6147946879148247,False,False,1,1
630,3560.2378127599122,3560.2378127599122,3560.237812759868,3560.237812759912,4.411049303598702e-11,1.2389760278904618e-14,0.6147887705183203,0.6147887705183195,False,False,1,1
631,3560.173635160962,3560.173635160962,3560.173635160917,3560.1736351609607,4.501998773775995e-11,1.2645447203230162e-14,0.6147813558187547,0.614781355818754,False,False,1,1
632,3688.432313415201,3688.432313415201,3688.4323134151605,3688.4323134152,4.0472514228895307e-11,1.097282281192817e-14,0.6293183528877838,0.6293183528877836,False,False,2,2
633,3688.3635487558086,3688.3635487558086,3688.3635487557676,3688.363548755808,4.092726157978177e-11,1.1096319828230522e-14,0.6293107078817288,0.6293107078817284,False,False,2,2
634,3688.321164374196,3688.321164374196,3688.3211643741574,3688.3211643741975,3.865352482534945e-11,1.0479978044945515e-14,0.6293059956609764,0.6293059956609763,False,False,2,2
635,3688.2524289272233,3688.2524289272233,3688.2524289271782,3688.2524289272233,4.501998773775995e-11,1.2206319552497279e-14,0.6292983536479365,0.6292983536479357,False,False,2,2
636,3560.3532014044513,3560.3532014044513,3560.353201404408,3560.353201404452,4.320099833421409e-11,1.2133908039565459e-14,0.6148021014797169,0.6148021014797163,False,False,1,1
637,3560.2889928643685,3560.2889928643685,3560.288992864323,3560.2889928643663,4.547473508864641e-11,1.2772765126591734e-14,0.6147946834620853,0.6147946834620843,False,False,1,1
638,3560.237773945707,3560.237773945707,3560.237773945665,3560.237773945708,4.18367562815547e-11,1.1751112969959939e-14,0.6147887660340001,0.6147887660339996,False,False,1,1
639,3560.173596428621,3560.173596428621,3560.173596428578,3560.173596428621,4.274625098332763e-11,1.2006788384198013e-14,0.6147813513438065,0.6147813513438061,False,False,1,1
640,3724.4732630579065,3724.4732630579065,3724.4732630578683,3724.4732630579065,3.8198777474462986e-11,1.0256155643093709e-14,0.6333036358182134,0.6333036358182134,False,False,2,2
641,3724.4842140004735,3724.4842140004735,3724.4842140004343,3724.4842140004716,3.9108272176235914e-11,1.0500318951340021e-14,0.6333048402005206,0.6333048402005206,False,False,2,2
642,3713.2746941776722,3713.2746941776722,3713.2746941776327,3713.2746941776713,3.956301952712238e-11,1.06544823061855e-14,0.6320699469722553,0.632069946972255,False,False,2,2
643,3713.2854763754667,3713.2854763754667,3713.2854763754262,3713.2854763754663,4.0472514228895307e-11,1.089938128549181e-14,0.6320711367855856,0.6320711367855852,False,False,2,2
644,3627.1906467244335,3627.1906467244335,3627.1906467244025,3627.190646724435,3.092281986027956e-11,8.52528109825291e-15,0.6224468829068954,0.6224468829068962,False,False,2,2
645,3627.1996079781447,3627.1996079781447,3627.1996079781134,3627.199607978145,3.1377567211166024e-11,8.650631507058512e-15,0.6224478976432612,0.6224478976432619,False,False,2,2
646,3599.3669553261225,3599.3669553261225,3599.3669553260834,3599.3669553261243,3.9108272176235914e-11,1.086531955803114e-14,0.6192830530691181,0.619283053069118,False,False,1,1
647,3599.376378446129,3599.376378446129,3599.376378446089,3599.3763784461303,4.001776687800884e-11,1.1117972301436489e-14,0.6192841290468722,0.619284129046872,False,False,1,1
648,3724.4732206323984,3724.4732206323984,3724.4732206323615,3724.4732206323997,3.6834535421803594e-11,9.88986448278161e-15,0.6333036311522573,0.6333036311522575,False,False,2,2
649,3724.4841715674697,3724.4841715674697,3724.4841715674297,3724.4841715674665,4.001776687800884e-11,1.0744512537736774e-14,0.6333048355337556,0.6333048355337556,False,False,2,2
650,3713.2746596810916,3713.2746596810916,3713.2746596810534,3713.274659681093,3.8198777474462986e-11,1.0287086460160646e-14,0.6320699431655583,0.6320699431655584,False,False,2,2
651,3713.285441862702,3713.285441862702,3713.2854418626607,3713.2854418627016,4.1382008930668235e-11,1.1144311305599416e-14,0.6320711329771151,0.6320711329771147,False,False,2,2
652,3627.1905876961937,3627.1905876961937,3627.1905876961605,3627.190587696193,3.319655661471188e-11,9.152140151476474e-15,0.6224468762227657,0.6224468762227662,False,False,2,2
653,3627.1995489560627,3627.1995489560627,3627.1995489560322,3627.1995489560627,3.0468072509393096e-11,8.399888701508593e-15,0.6224478909598468,0.6224478909598476,False,False,2,2
654,3599.366906193756,3599.366906193756,3599.3669061937185,3599.3669061937567,3.774403012357652e-11,1.0486296925891872e-14,0.6192830474589371,0.6192830474589371,False,False,1,1
655,3599.376329310421,3599.376329310421,3599.3763293103816,3599.3763293104216,3.956301952712238e-11,1.0991631857150646e-14,0.6192841234363257,0.6192841234363254,False,False,1,1
656,3724.469387745669,3724.469387745669,3724.4693877456334,3724.4693877456707,3.54702933691442e-11,9.523583006440955e-15,0.6333032096112596,0.63330320961126,False,False,2,2
657,3724.48034043343,3724.48034043343,3724.480340433393,3724.48034043343,3.6834535421803594e-11,9.88984557709252e-15,0.6333044141869029,0.633304414186903,False,False,2,2
658,3713.270668308126,3713.270668308126,3713.270668308085,3713.2706683081256,4.092726157978177e-11,1.102189019752482e-14,0.6320695027173844,0.6320695027173842,False,False,2,2
659,3713.2814523887296,3713.2814523887296,3713.2814523886905,3713.28145238873,3.9108272176235914e-11,1.0531997823940283e-14,0.6320706927399187,0.6320706927399187,False,False,2,2
660,3627.1838354032648,3627.1838354032648,3627.1838354032348,3627.1838354032648,3.001332515850663e-11,8.274553074911847e-15,0.6224461116184283,0.6224461116184292,False,False,2,2
661,3627.1927984269087,3627.1927984269087,3627.1927984268773,3627.1927984269087,3.1377567211166024e-11,8.650647747418964e-15,0.6224471265572874,0.6224471265572882,False,False,2,2
662,3599.3587149246737,3599.3587149246737,3599.3587149246373,3599.358714924674,3.637978807091713e-11,1.0107297147147078e-14,0.619282112137439,0.6192821121374391,False,False,1,1
663,3599.368140506981,3599.368140506981,3599.3681405069437,3599.3681405069815,3.728928277269006e-11,1.0359952446386258e-14,0.6192831883990102,0.6192831883990103,False,False,1,1
664,3724.469345335936,3724.469345335936,3724.4693453358964,3724.469345335936,3.956301952712238e-11,1.0622458089678253e-14,0.6333032049470333,0.6333032049470331,False,False,2,2
665,3724.480298016182,3724.480298016182,3724.4802980161444,3724.4802980161826,3.774403012357652e-11,1.0134039410459658e-14,0.6333044095218652,0.6333044095218654,False,False,2,2
666,3713.2706338267167,3713.2706338267167,3713.2706338266785,3713.2706338267176,3.8198777474462986e-11,1.028709761321576e-14,0.6320694989123571,0.6320694989123571,False,False,2,2
667,3713.2814178911203,3713.2814178911203,3713.2814178910794,3713.2814178911217,4.092726157978177e-11,1.102185829024118e-14,0.6320706889331162,0.6320706889331159,False,False,2,2
668,3627.1837764034317,3627.1837764034317,3627.1837764034026,3627.1837764034317,2.9103830456733704e-11,8.023809172854175e-15,0.6224461049375016,0.6224461049375027,False,False,2,2
669,3627.192739433214,3627.192739433214,3627.1927394331815,3627.192739433212,3.228706191293895e-11,8.901391305162388e-15,0.6224471198770736,0.6224471198770744,False,False,2,2
670,3599.358665822483,3599.358665822483,3599.358665822445,3599.358665822483,3.8198777474462986e-11,1.06126621492816e-14,0.6192821065306897,0.6192821065306897,False,False,1,1
671,3599.368091401422,3599.368091401422,3599.368091401384,3599.3680914014226,3.8198777474462986e-11,1.061263435815763e-14,0.6192831827918923,0.6192831827918923,False,False,1,1
672,3724.473253703129,3724.473253703129,3724.4732537030914,3724.4732537031264,3.774403012357652e-11,1.0134058577558261e-14,0.6333036347893752,0.6333036347893755,False,False,2,2
673,3724.4842047875227,3724.4842047875227,3724.484204787483,3724.4842047875236,3.956301952712238e-11,1.0622415709608145e-14,0.633304839187284,0.6333048391872839,False,False,2,2
674,3713.2750533339954,3713.2750533339954,3713.2750533339567,3713.275053333998,3.865352482534945e-11,1.0409550671621823e-14,0.6320699866051442,0.6320699866051442,False,False,2,2
675,3713.285836729877,3713.285836729877,3713.28583672984,3713.2858367298795,3.6834535421803594e-11,9.919660656730403e-15,0.6320711765505549,0.632071176550555,False,False,2,2
676,3627.1907571354386,3627.1907571354386,3627.1907571354104,3627.19075713544,2.8194335754960775e-11,7.773050176502754e-15,0.6224468954094107,0.6224468954094118,False,False,2,2
677,3627.199717771947,3627.199717771947,3627.1997177719154,3627.199717771947,3.1377567211166024e-11,8.650631245207555e-15,0.6224479100758533,0.6224479100758541,False,False,2,2
678,3599.3672366817755,3599.3672366817755,3599.3672366817345,3599.3672366817755,4.092726157978177e-11,1.1370682369580118e-14,0.6192830851957214,0.6192830851957212,False,False,1,1
679,3599.3766608183682,3599.3766608183682,3599.376660818328,3599.376660818366,4.001776687800884e-11,1.111797142922804e-14,0.6192841612894634,0.6192841612894632,False,False,1,1
680,3724.473211279141,3724.473211279141,3724.473211279103,3724.473211279144,3.8198777474462986e-11,1.025615578567792e-14,0.6333036301235864,0.6333036301235865,False,False,2,2
681,3724.4841623560346,3724.4841623560346,3724.484162355996,3724.484162356031,3.865352482534945e-11,1.037822236325419e-14,0.6333048345206856,0.6333048345206858,False,False,2,2
682,3713.275018834672,3713.275018834672,3713.2750188346304,3713.2750188346695,4.18367562815547e-11,1.1266807890433127e-14,0.6320699827981451,0.6320699827981449,False,False,2,2
683,3713.2858022143773,3713.2858022143773,3713.2858022143373,3713.285802214378,4.001776687800884e-11,1.0776915381559019e-14,0.632071172741783,0.6320711727417829,False,False,2,2
684,3627.1906981122715,3627.1906981122715,3627.190698112238,3627.1906981122706,3.3651303965598345e-11,9.277511651954711e-15,0.6224468887258554,0.6224468887258559,False,False,2,2
685,3627.199658754921,3627.199658754921,3627.19965875489,3627.199658754923,3.092281986027956e-11,8.525259916597529e-15,0.6224479033930117,0.6224479033930125,False,False,2,2
686,3599.367187546894,3599.367187546894,3599.367187546855,3599.36718754689,3.9108272176235914e-11,1.0865318857032115e-14,0.6192830795852537,0.6192830795852535,False,False,1,1
687,3599.376611680153,3599.376611680153,3599.3766116801175,3599.3766116801535,3.54702933691442e-11,9.854565719530811e-15,0.6192841556786309,0.6192841556786313,False,False,1,1
688,3724.469378356974,3724.469378356974,3724.469378356935,3724.4693783569755,3.9108272176235914e-11,1.0500360777160767e-14,0.63330320857869,0.63330320857869,False,False,2,2
689,3724.480331186513,3724.480331186513,3724.480331186473,3724.480331186513,4.001776687800884e-11,1.0744523616603534e-14,0.6333044131699292,0.6333044131699292,False,False,2,2
690,3713.271027431811,3713.271027431811,3713.2710274317715,3713.2710274318097,3.956301952712238e-11,1.0654492827173224e-14,0.6320695423467195,0.6320695423467195,False,False,2,2
691,3713.281812710442,3713.281812710442,3713.2818127104006,3713.2818127104424,4.1382008930668235e-11,1.1144322197420884e-14,0.632070732501328,0.6320707325013276,False,False,2,2
692,3627.183945792108,3627.183945792108,3627.1839457920773,3627.1839457921083,3.0468072509393096e-11,8.399924835557093e-15,0.6224461241184596,0.6224461241184605,False,False,2,2
693,3627.1929081984654,3627.1929081984654,3627.192908198437,3627.1929081984654,2.8194335754960775e-11,7.773045566789054e-15,0.6224471389873859,0.6224471389873871,False,False,2,2
694,3599.3589962496744,3599.3589962496744,3599.3589962496335,3599.3589962496726,4.092726157978177e-11,1.1370708401808664e-14,0.6192821442606217,0.6192821442606213,False,False,1,1
695,3599.368422848507,3599.368422848507,3599.3684228484653,3599.3684228485063,4.18367562815547e-11,1.1623360369552132e-14,0.619283220638174,0.6192832206381735,False,False,1,1
696,3724.4693359487655,3724.4693359487655,3724.4693359487246,3724.4693359487615,4.092726157978177e-11,1.0988749775639117e-14,0.6333032039146314,0.6333032039146311,False,False,2,2
697,3724.4802887707847,3724.4802887707847,3724.4802887707456,3724.4802887707847,3.9108272176235914e-11,1.0500330017625917e-14,0.6333044085050589,0.6333044085050589,False,False,2,2
698,3713.270992947658,3713.270992947658,3713.2709929476187,3713.270992947656,3.956301952712238e-11,1.0654492926118645e-14,0.6320695385413899,0.6320695385413899,False,False,2,2
699,3713.2817782100947,3713.2817782100947,3713.2817782100537,3713.2817782100956,4.092726157978177e-11,1.1021857220733152e-14,0.6320707286942235,0.6320707286942233,False,False,2,2
700,3627.1838867973474,3627.1838867973474,3627.183886797319,3627.183886797349,2.864908310584724e-11,7.898436914138144e-15,0.6224461174381075,0.6224461174381085,False,False,2,2
701,3627.192849209829,3627.192849209829,3627.192849209797,3627.1928492098305,3.228706191293895e-11,8.901391035762704e-15,0.6224471323077452,0.6224471323077458,False,False,2,2
702,3599.358947144971,3599.358947144971,3599.358947144932,3599.3589471449704,3.9108272176235914e-11,1.0865343732182306e-14,0.6192821386535861,0.6192821386535858,False,False,1,1
703,3599.368373740446,3599.368373740446,3599.3683737404062,3599.3683737404435,3.956301952712238e-11,1.099165615160659e-14,0.6192832150307708,0.6192832150307707,False,False,1,1
704,3724.9383141754734,3724.9383141754734,3724.9383141754356,3724.938314175473,3.774403012357652e-11,1.0132793335110915e-14,0.6333547785573126,0.6333547785573126,False,False,2,2
705,3724.8784731159753,3724.8784731159753,3724.87847311594,3724.8784731159785,3.54702933691442e-11,9.522537077423685e-15,0.6333481980984942,0.6333481980984945,False,False,2,2
706,3713.802204827913,3713.802204827913,3713.8022048278744,3713.8022048279136,3.865352482534945e-11,1.0408073099612084e-14,0.6321281531546098,0.6321281531546099,False,False,2,2
707,3713.737034481889,3713.737034481889,3713.7370344818473,3713.7370344818905,4.18367562815547e-11,1.1265406218346159e-14,0.6321209626759967,0.6321209626759965,False,False,2,2
708,3627.4994953206024,3627.4994953206024,3627.4994953205696,3627.499495320601,3.2741809263825417e-11,9.025999674448378e-15,0.6224818541083159,0.6224818541083165,False,False,2,2
709,3627.456775877374,3627.456775877374,3627.456775877344,3627.4567758773737,3.001332515850663e-11,8.273930473298969e-15,0.6224770171407821,0.622477017140783,False,False,2,2
710,3599.817916658591,3599.817916658591,3599.8179166585533,3599.8179166585915,3.774403012357652e-11,1.0484983128983129e-14,0.6193345426218914,0.6193345426218915,False,False,2,2
711,3599.761577675627,3599.761577675627,3599.761577675589,3599.7615776756274,3.8198777474462986e-11,1.061147430189752e-14,0.6193281103689162,0.6193281103689161,False,False,1,1
712,3724.9382704988866,3724.9382704988866,3724.9382704988498,3724.938270498888,3.6834535421803594e-11,9.888629756237623e-15,0.6333547737544329,0.6333547737544332,False,False,2,2
713,3724.87842953156,3724.87842953156,3724.8784295315245,3724.8784295315577,3.54702933691442e-11,9.522537188845902e-15,0.6333481933056642,0.6333481933056646,False,False,2,2
714,3713.8021690465007,3713.8021690465007,3713.8021690464634,3713.8021690465016,3.728928277269006e-11,1.0040729439894717e-14,0.6321281492067564,0.6321281492067568,False,False,2,2
715,3713.7369988063256,3713.7369988063256,3713.7369988062846,3713.7369988063247,4.092726157978177e-11,1.1020506189031874e-14,0.6321209587397452,0.6321209587397449,False,False,2,2
716,3627.499435118092,3627.499435118092,3627.49943511806,3627.4994351180917,3.228706191293895e-11,8.900638715575116e-15,0.6224818472918477,0.6224818472918483,False,False,2,2
717,3627.4567157455417,3627.4567157455417,3627.4567157455085,3627.4567157455413,3.319655661471188e-11,9.151468705502963e-15,0.6224770103322292,0.6224770103322299,False,False,2,2
718,3599.8178661598754,3599.8178661598754,3599.8178661598367,3599.8178661598745,3.865352482534945e-11,1.0737633475491165e-14,0.6193345368564735,0.6193345368564735,False,False,2,2
719,3599.7615272685366,3599.7615272685366,3599.761527268499,3599.7615272685357,3.774403012357652e-11,1.0485147373697368e-14,0.6193281046138621,0.6193281046138621,False,False,1,1
720,3724.93444681434,3724.93444681434,3724.9344468142995,3724.934446814339,4.0472514228895307e-11,1.086529570030647e-14,0.6333543532841427,0.6333543532841424,False,False,2,2
721,3724.87460225661,3724.87460225661,3724.874602256571,3724.8746022566106,3.9108272176235914e-11,1.0499218457594054e-14,0.6333477724330026,0.6333477724330026,False,False,2,2
722,3713.7981887940446,3713.7981887940446,3713.7981887940055,3713.7981887940455,3.9108272176235914e-11,1.0530532405945103e-14,0.632127710055216,0.632127710055216,False,False,2,2
723,3713.733014569621,3713.733014569621,3713.73301456958,3713.7330145696205,4.092726157978177e-11,1.1020518012258016e-14,0.6321205191400195,0.6321205191400193,False,False,2,2
724,3627.492682822275,3627.492682822275,3627.4926828222433,3627.492682822275,3.183231456205249e-11,8.775293941402576e-15,0.6224810827580053,0.6224810827580061,False,False,2,2
725,3627.4499606453114,3627.4499606453114,3627.4499606452823,3627.4499606453132,2.9103830456733704e-11,8.023220381393278e-15,0.6224762454710551,0.6224762454710561,False,False,2,2
726,3599.809685481885,3599.809685481885,3599.8096854818486,3599.8096854818846,3.637978807091713e-11,1.0106030943146147e-14,0.6193336028706551,0.6193336028706553,False,False,2,2
727,3599.7533417366894,3599.7533417366894,3599.7533417366494,3599.7533417366894,4.001776687800884e-11,1.1116808036270174e-14,0.619327170058088,0.6193271700580878,False,False,1,1
728,3724.93440315364,3724.93440315364,3724.9344031536016,3724.93440315364,3.8198777474462986e-11,1.0254885949702301e-14,0.6333543484830044,0.6333543484830045,False,False,2,2
729,3724.8745586880996,3724.8745586880996,3724.8745586880605,3724.874558688101,3.9108272176235914e-11,1.0499218580399616e-14,0.6333477676419159,0.6333477676419159,False,False,2,2
730,3713.7981530279358,3713.7981530279358,3713.7981530278958,3713.7981530279353,4.001776687800884e-11,1.0775428612182796e-14,0.6321277061090464,0.6321277061090463,False,False,2,2
731,3713.73297890938,3713.73297890938,3713.732978909341,3713.732978909379,3.9108272176235914e-11,1.0530717312831932e-14,0.6321205152054539,0.6321205152054538,False,False,2,2
732,3627.4926226483617,3627.4926226483617,3627.49262264833,3627.4926226483617,3.183231456205249e-11,8.775294086969731e-15,0.6224810759447611,0.6224810759447618,False,False,2,2
733,3627.449900542102,3627.449900542102,3627.4499005420685,3627.449900542103,3.3651303965598345e-11,9.27684871969406e-15,0.6224762386657292,0.6224762386657298,False,False,2,2
734,3599.8096350135625,3599.8096350135625,3599.809635013524,3599.8096350135634,3.865352482534945e-11,1.0737658027631736e-14,0.619333597108693,0.619333597108693,False,False,2,2
735,3599.7532913600276,3599.7532913600276,3599.75329135999,3599.753291360027,3.774403012357652e-11,1.0485171362762029e-14,0.6193271643064937,0.6193271643064937,False,False,1,1
736,3724.9383048044956,3724.9383048044956,3724.9383048044588,3724.938304804499,3.6834535421803594e-11,9.88862966516619e-15,0.6333547775268364,0.6333547775268367,False,False,2,2
737,3724.8784634996423,3724.8784634996423,3724.8784634996036,3724.878463499646,3.865352482534945e-11,1.0377123765008222e-14,0.6333481970410186,0.6333481970410186,False,False,2,2
738,3713.8025667043567,3713.8025667043567,3713.8025667043185,3713.8025667043594,3.8198777474462986e-11,1.0285624178552048e-14,0.6321281930813467,0.6321281930813467,False,False,2,2
739,3713.7373942241397,3713.7373942241397,3713.7373942240997,3713.7373942241393,4.001776687800884e-11,1.077560490417207e-14,0.6321210023680386,0.6321210023680384,False,False,2,2
740,3627.499601484507,3627.499601484507,3627.499601484474,3627.4996014845096,3.2741809263825417e-11,9.025999410289737e-15,0.6224818661287923,0.622481866128793,False,False,2,2
741,3627.456883377346,3627.456883377346,3627.456883377316,3627.456883377346,3.001332515850663e-11,8.273930228100383e-15,0.6224770293126916,0.6224770293126924,False,False,2,2
742,3599.818200922724,3599.818200922724,3599.818200922685,3599.818200922725,3.9108272176235914e-11,1.0863957564915772e-14,0.6193345750762098,0.6193345750762096,False,False,2,2
743,3599.7618600777664,3599.7618600777664,3599.7618600777278,3599.7618600777664,3.865352482534945e-11,1.073780053453714e-14,0.6193281426111963,0.6193281426111963,False,False,2,2
744,3724.9382611294686,3724.9382611294686,3724.938261129434,3724.938261129472,3.456079866737127e-11,9.278220535363132e-15,0.6333547727241284,0.6333547727241289,False,False,2,2
745,3724.8784199167903,3724.8784199167903,3724.8784199167535,3724.878419916793,3.6834535421803594e-11,9.888788644711372e-15,0.6333481922483606,0.6333481922483608,False,False,2,2
746,3713.8025309202844,3713.8025309202844,3713.802530920245,3713.802530920286,3.956301952712238e-11,1.0652968001860512e-14,0.6321281891332002,0.6321281891332002,False,False,2,2
747,3713.7373585458963,3713.7373585458963,3713.737358545856,3713.737358545898,4.0472514228895307e-11,1.0898055064599993e-14,0.6321209984314917,0.6321209984314914,False,False,2,2
748,3627.4995412870776,3627.4995412870776,3627.499541287046,3627.499541287076,3.1377567211166024e-11,8.649916245070816e-15,0.6224818593128997,0.6224818593129005,False,False,2,2
749,3627.4568232506163,3627.4568232506163,3627.456823250586,3627.4568232506167,3.0468072509393096e-11,8.399292946536085e-15,0.6224770225047167,0.6224770225047176,False,False,2,2
750,3599.8181504215786,3599.8181504215786,3599.81815042154,3599.818150421578,3.865352482534945e-11,1.0737632627587784e-14,0.619334569310515,0.619334569310515,False,False,2,2
751,3599.761809668224,3599.761809668224,3599.7618096681863,3599.7618096682245,3.774403012357652e-11,1.0485146551142294e-14,0.6193281368558627,0.6193281368558627,False,False,2,2
752,3724.9344374087095,3724.9344374087095,3724.9344374086736,3724.93443740871,3.5925040720030665e-11,9.644475983051746e-15,0.6333543522498548,0.6333543522498551,False,False,2,2
753,3724.8745926057595,3724.8745926057595,3724.8745926057227,3724.8745926057604,3.6834535421803594e-11,9.888798805448042e-15,0.6333477713717299,0.6333477713717304,False,False,2,2
754,3713.79855063695,3713.79855063695,3713.7985506369096,3713.798550636949,4.0472514228895307e-11,1.0897875497838703e-14,0.6321277499783007,0.6321277499783005,False,False,2,2
755,3713.733374278482,3713.733374278482,3713.733374278443,3713.733374278483,3.9108272176235914e-11,1.0530716191717455e-14,0.6321205588284253,0.6321205588284253,False,False,2,2
756,3627.4927889627947,3627.4927889627947,3627.492788962764,3627.4927889627947,3.092281986027956e-11,8.524571007933358e-15,0.6224810947758586,0.6224810947758594,False,False,2,2
757,3627.450068122143,3627.450068122143,3627.450068122109,3627.450068122142,3.410605131648481e-11,9.402211105869424e-15,0.6224762576403693,0.6224762576403698,False,False,2,2
758,3599.8099697141124,3599.8099697141124,3599.809969714073,3599.8099697141165,3.956301952712238e-11,1.0990307782903431e-14,0.6193336353214108,0.6193336353214106,False,False,2,2
759,3599.753624107094,3599.753624107094,3599.753624107053,3599.753624107092,4.092726157978177e-11,1.1369461872528465e-14,0.6193272022968246,0.6193272022968241,False,False,1,1
760,3724.9343937495746,3724.9343937495746,3724.9343937495373,3724.9343937495755,3.728928277269006e-11,1.0010722023792238e-14,0.6333543474488887,0.633354347448889,False,False,2,2
761,3724.8745490388155,3724.8745490388155,3724.8745490387787,3724.8745490388187,3.6834535421803594e-11,9.888798921109586e-15,0.6333477665808157,0.6333477665808158,False,False,2,2
762,3713.798514868183,3713.798514868183,3713.798514868141,3713.798514868185,4.18367562815547e-11,1.126521972424227e-14,0.6321277460318382,0.6321277460318379,False,False,2,2
763,3713.7333386155624,3713.7333386155624,3713.7333386155233,3713.733338615562,3.9108272176235914e-11,1.053071629284375e-14,0.6321205548935643,0.6321205548935642,False,False,2,2
764,3627.492728793968,3627.492728793968,3627.4927287939354,3627.4927287939654,3.2741809263825417e-11,9.026016511054753e-15,0.6224810879631906,0.6224810879631912,False,False,2,2
765,3627.450008024033,3627.450008024033,3627.450008024004,3627.4500080240355,2.9103830456733704e-11,8.023220276600675e-15,0.6224762508356212,0.6224762508356221,False,False,2,2
766,3599.809919243364,3599.809919243364,3599.809919243324,3599.80991924336,4.001776687800884e-11,1.1116633315577975e-14,0.6193336295591724,0.619333629559172,False,False,2,2
767,3599.753573727985,3599.753573727985,3599.7535737279463,3599.7535737279854,3.865352482534945e-11,1.0737825252109965e-14,0.6193271965449514,0.6193271965449512,False,False,1,1
768,404.3013856107099,404.3013856107099,404.3013856106908,404.30138561071,1.9099388737231493e-11,4.724047311483059e-14,0.007404074823238349,0.007404074823237572,False,False,0,0
769,404.2994501920957,404.2994501920957,404.29945019207594,404.2994501920956,1.978150976356119e-11,4.8927867090005576e-14,0.007403498648116069,0.00740349864811507,False,False,0,0
770,379.49397073338605,379.49397073338605,379.4939707333699,379.4939707333863,1.6143530956469476e-11,4.2539624345734687e-14,0.0,0.0,True,True,0,0
771,379.49152600177746,379.49152600177746,379.49152600176126,379.4915260017777,1.6200374375330284e-11,4.268968676590266e-14,0.0,0.0,True,True,0,0
772,404.18807723220664,404.18807723220664,404.18807723218765,404.18807723220675,1.8985701899509877e-11,4.697244418865568e-14,0.007370342296982857,0.00737034229698208,False,False,0,0
773,404.18600840483646,404.18600840483646,404.18600840481747,404.186008404837,1.8985701899509877e-11,4.697268461726073e-14,0.007369726385062059,0.0073697263850612815,False,False,0,0
774,379.3898652817801,379.3898652817801,379.38986528176383,379.38986528178015,1.6257217794191092e-11,4.2850954339849186e-14,0.0,0.0,True,True,0,0
775,379.3872712958743,379.3872712958743,379.387271295858,379.3872712958741,1.63140612130519e-11,4.30010768609287e-14,0.0,0.0,True,True,0,0
776,404.3014552734926,404.3014552734926,404.30145527347315,404.3014552734923,1.944044925039634e-11,4.808404470680352e-14,0.007404095561878488,0.007404095561877599,False,False,0,0
777,404.29952023823967,404.29952023823967,404.29952023822034,404.2995202382399,1.9326762412674725e-11,4.7803080254179216e-14,0.007403519500895128,0.007403519500894351,False,False,0,0
778,379.49402638030494,379.49402638030494,379.49402638028914,379.4940263803053,1.5802470443304628e-11,4.164089378173344e-14,0.0,0.0,True,True,0,0
779,379.49158202318404,379.49158202318404,379.491582023168,379.4915820231845,1.602984411874786e-11,4.224031540643913e-14,0.0,0.0,True,True,0,0
780,404.18814644178536,404.18814644178536,404.1881464417657,404.1881464417851,1.9667822925839573e-11,4.866006858187837e-14,0.007370362901404248,0.007370362901403249,False,False,0,0
781,404.18607801450077,404.18607801450077,404.18607801448167,404.186078014501,1.9099388737231493e-11,4.725395003968017e-14,0.00736974710860594,0.0073697471086052735,False,False,0,0
782,379.38992102870293,379.38992102870293,379.3899210286864,379.38992102870276,1.6541434888495132e-11,4.3600090491712566e-14,0.0,0.0,True,True,0,0
783,379.38732743333605,379.38732743333605,379.38732743331946,379.38732743333594,1.659827830735594e-11,4.375021806776744e-14,0.0,0.0,True,True,0,0
784,404.3012396445648,404.3012396445648,404.3012396445451,404.3012396445646,1.972466634470038e-11,4.878705383649334e-14,0.007404031369053099,0.007404031369052211,False,False,0,0
785,404.29930398640397,404.29930398640397,404.2993039863844,404.2993039864038,1.9554136088117957e-11,4.836549530338923e-14,0.007403455122592439,0.007403455122591551,False,False,0,0
786,379.4939376796766,379.4939376796766,379.4939376796602,379.4939376796765,1.6427748050773516e-11,4.328856516448454e-14,0.0,0.0,True,True,0,0
787,379.4914927830795,379.4914927830795,379.49149278306373,379.4914927830798,1.574562702444382e-11,4.1491383400903143e-14,0.0,0.0,True,True,0,0
788,404.18801075798564,404.18801075798564,404.18801075796625,404.1880107579856,1.9383605831535533e-11,4.795690449893575e-14,0.007370322506905835,0.007370322506905058,False,False,0,0
789,404.1859418148472,404.1859418148472,404.1859418148275,404.18594181484735,1.9667822925839573e-11,4.866033399758661e-14,0.007369706560507394,0.007369706560506395,False,False,0,0
790,379.38986459494134,379.38986459494134,379.3898645949249,379.38986459494146,1.6427748050773516e-11,4.3300439953272694e-14,0.0,0.0,True,True,0,0
791,379.38727056913774,379.38727056913774,379.3872705691218,379.3872705691382,1.5916157281026244e-11,4.195227018858494e-14,0.0,0.0,True,True,0,0
792,404.30130930445773,404.30130930445773,404.3013093044383,404.30130930445773,1.944044925039634e-11,4.808406206707774e-14,0.007404052106833925,0.007404052106833037,False,False,0,0
793,404.2993740297468,404.2993740297468,404.2993740297272,404.29937402974656,1.9610979506978765e-11,4.8506084269959484e-14,0.007403475974538609,0.00740347597453761,False,False,0,0
794,379.493993333281,379.493993333281,379.4939933332648,379.4939933332814,1.6200374375330284e-11,4.2689409213132696e-14,0.0,0.0,True,True,0,0
795,379.491548811249,379.491548811249,379.4915488112323,379.49154881124906,1.6711965145077556e-11,4.4037779490551264e-14,0.0,0.0,True,True,0,0
796,404.18807996567875,404.18807996567875,404.1880799656594,404.18807996567875,1.9326762412674725e-11,4.7816260227950903e-14,0.007370343110766342,0.007370343110765454,False,False,0,0
797,404.1860114226863,404.1860114226863,404.1860114226667,404.1860114226862,1.9610979506978765e-11,4.851968883819227e-14,0.007369727283508376,0.007369727283507377,False,False,0,0
798,379.38992034628365,379.38992034628365,379.38992034626733,379.38992034628404,1.63140612130519e-11,4.30007766104103e-14,0.0,0.0,True,True,0,0
799,379.3873267110657,379.3873267110657,379.3873267110493,379.3873267110655,1.6427748050773516e-11,4.330072960841041e-14,0.0,0.0,True,True,0,0
800,404.3006741245413,404.3006741245413,404.30067412452183,404.30067412454156,1.944044925039634e-11,4.808413760994097e-14,0.007403863013476841,0.007403863013476064,False,False,0,0
801,404.29873818181113,404.29873818181113,404.2987381817913,404.2987381818112,1.9838353182421997e-11,4.906855082367531e-14,0.007403286682202026,0.007403286682201027,False,False,0,0
802,379.50012039908637,379.50012039908637,379.5001203990698,379.50012039908654,1.659827830735594e-11,4.373721486544198e-14,0.0,0.0,True,True,0,0
803,379.4976829487867,379.4976829487867,379.4976829487698,379.49768294878686,1.688249540165998e-11,4.448642550457489e-14,0.0,0.0,True,True,0,0
804,404.18736354721455,404.18736354721455,404.1873635471953,404.18736354721455,1.9269918993813917e-11,4.767570867307169e-14,0.007370129825410077,0.0073701298254092995,False,False,0,0
805,404.1852941986608,404.1852941986608,404.18529419864126,404.1852941986607,1.9554136088117957e-11,4.837913790724637e-14,0.007369513758195501,0.007369513758194612,False,False,0,0
806,379.39608150703026,379.39608150703026,379.3960815070143,379.3960815070309,1.5973000699887052e-11,4.2101121963198426e-14,0.0,0.0,True,True,0,0
807,379.3934951714233,379.3934951714233,379.3934951714067,379.3934951714233,1.659827830735594e-11,4.374950682761774e-14,0.0,0.0,True,True,0,0
808,404.3007437793204,404.3007437793204,404.30074377930083,404.3007437793203,1.9554136088117957e-11,4.836532306453336e-14,0.007403883749738882,0.007403883749737883,False,False,0,0
809,404.29880821991844,404.29880821991844,404.2988082198992,404.29880821991827,1.9269918993813917e-11,4.76625668986193e-14,0.007403307532592995,0.007403307532592218,False,False,0,0
810,379.5001762674244,379.5001762674244,379.50017626740805,379.50017626742465,1.6370904631912708e-11,4.313806858518172e-14,0.0,0.0,True,True,0,0
811,379.4977391920631,379.4977391920631,379.4977391920467,379.4977391920633,1.6370904631912708e-11,4.313834561113795e-14,0.0,0.0,True,True,0,0
812,404.1874327515778,404.1874327515778,404.18743275155805,404.1874327515778,1.972466634470038e-11,4.8800790787633375e-14,0.007370150428283262,0.007370150428282263,False,False,0,0
813,404.1853638030782,404.1853638030782,404.18536380305886,404.18536380307825,1.9326762412674725e-11,4.781658155759161e-14,0.00736953448018185,0.0073695344801810725,False,False,0,0
814,379.3961374767938,379.3961374767938,379.39613747677726,379.39613747679357,1.6541434888495132e-11,4.359937609935976e-14,0.0,0.0,True,True,0,0
815,379.3935515321997,379.3935515321997,379.3935515321836,379.39355153220004,1.6086687537608668e-11,4.24010568251405e-14,0.0,0.0,True,True,0,0
816,404.30052865410346,404.30052865410346,404.30052865408385,404.30052865410346,1.9610979506978765e-11,4.850594574353576e-14,0.007403819706854664,0.007403819706853776,False,False,0,0
817,404.2985924721138,404.2985924721138,404.29859247209384,404.2985924721141,1.9952040020143613e-11,4.9349763743042934e-14,0.007403243304326956,0.007403243304325957,False,False,0,0
818,379.500087194839,379.500087194839,379.50008719482304,379.5000871948394,1.5973000699887052e-11,4.2089583741482405e-14,0.0,0.0,True,True,0,0
819,379.49764957936156,379.49764957936156,379.49764957934514,379.49764957936173,1.6427748050773516e-11,4.3288141755244523e-14,0.0,0.0,True,True,0,0
820,404.1872974340114,404.1872974340114,404.1872974339913,404.187297434011,2.006572685786523e-11,4.964462511625866e-14,0.007370110142807751,0.007370110142806752,False,False,0,0
821,404.18522796990703,404.18522796990703,404.18522796988753,404.1852279699068,1.949729266925715e-11,4.823850878268314e-14,0.007369494041180369,0.007369494041179481,False,False,0,0
822,379.39608068463633,379.39608068463633,379.39608068462,379.3960806846365,1.63140612130519e-11,4.300007839725831e-14,0.0,0.0,True,True,0,0
823,379.3934943088365,379.3934943088365,379.3934943088202,379.39349430883647,1.63140612130519e-11,4.300037153449926e-14,0.0,0.0,True,True,0,0
824,404.3005983060397,404.3005983060397,404.3005983060207,404.3005983060394,1.9042545318370685e-11,4.709996818742332e-14,0.00740384044227127,0.007403840442270493,False,False,0,0
825,404.2986625074671,404.2986625074671,404.2986625074479,404.29866250746744,1.921307557495311e-11,4.752198648344096e-14,0.007403264153899025,0.007403264153898248,False,False,0,0
826,379.5001430698279,379.5001430698279,379.50014306981166,379.5001430698278,1.6257217794191092e-11,4.28385024118417e-14,0.0,0.0,True,True,0,0
827,379.49770582936463,379.49770582936463,379.4977058293483,379.4977058293646,1.63140612130519e-11,4.2988563468120854e-14,0.0,0.0,True,True,0,0
828,404.18736663652663,404.18736663652663,404.187366636507,404.1873666365268,1.9610979506978765e-11,4.851952615484472e-14,0.007370130745131154,0.0073701307451301545,False,False,0,0
829,404.18529757253737,404.18529757253737,404.18529757251764,404.18529757253737,1.972466634470038e-11,4.8801048586287286e-14,0.007369514762635032,0.007369514762634033,False,False,0,0
830,379.39613665878227,379.39613665878227,379.3961366587656,379.39613665878244,1.6655121726216748e-11,4.389902826342134e-14,0.0,0.0,True,True,0,0
831,379.393550674041,379.393550674041,379.3935506740249,379.393550674041,1.6143530956469476e-11,4.255088397730651e-14,0.0,0.0,True,True,0,0
832,404.3173211476725,404.3173211476725,404.31732114765316,404.3173211476726,1.9326762412674725e-11,4.780097562433106e-14,0.007408818828118835,0.007408818828118058,False,False,0,0
833,404.32232090181736,404.32232090181736,404.3223209017982,404.322320901818,1.91562321560923e-11,4.737861642999437e-14,0.007410307248851389,0.007410307248850612,False,False,0,0
834,379.52276207406936,379.52276207406936,379.5227620740529,379.5227620740694,1.6484591469634324e-11,4.343505348545371e-14,0.0,0.0,True,True,0,0
835,379.5277996859576,379.5277996859576,379.5277996859413,379.52779968595746,1.6257217794191092e-11,4.283538072215848e-14,1.500670775866908e-06,1.500670775866908e-06,False,False,0,0
836,404.20498690036527,404.20498690036527,404.20498690034634,404.2049869003654,1.892885848064907e-11,4.682984894818962e-14,0.007375376470787898,0.0073753764707871206,False,False,0,0
837,404.21019663076163,404.21019663076163,404.2101966307425,404.2101966307619,1.91562321560923e-11,4.739175883183164e-14,0.007376927453400461,0.007376927453399573,False,False,0,0
838,379.4201618219453,379.4201618219453,379.4201618219292,379.42016182194584,1.6143530956469476e-11,4.254789961331925e-14,0.0,0.0,True,True,0,0
839,379.4253925959844,379.4253925959844,379.42539259596816,379.42539259598453,1.6257217794191092e-11,4.2846942011342725e-14,0.0,0.0,True,True,0,0
840,404.3173914881039,404.3173914881039,404.31739148808396,404.3173914881038,1.9952040020143613e-11,4.934746919173932e-14,0.007408839768395237,0.0074088397683942375,False,False,0,0
841,404.32239038684173,404.32239038684173,404.32239038682224,404.3223903868419,1.949729266925715e-11,4.8222144340319145e-14,0.007410327934442962,0.007410327934442185,False,False,0,0
842,379.52281924067677,379.52281924067677,379.5228192406604,379.52281924067665,1.6370904631912708e-11,4.313549489505398e-14,6.931430429624186e-09,6.931430429624186e-09,False,False,0,0
843,379.52785593980656,379.52785593980656,379.52785593978973,379.5278559398064,1.6825651982799172e-11,4.433311473576721e-14,1.5175424649127578e-06,1.5175424648017355e-06,False,False,0,0
844,404.20505678453753,404.20505678453753,404.2050567845178,404.2050567845375,1.972466634470038e-11,4.8798662989549535e-14,0.00737539727593739,0.007375397275936391,False,False,0,0
845,404.2102656257771,404.2102656257771,404.21026562575764,404.21026562577737,1.944044925039634e-11,4.809489244490033e-14,0.007376947993807725,0.007376947993806948,False,False,0,0
846,379.4202190826196,379.4202190826196,379.4202190826033,379.42021908261927,1.63140612130519e-11,4.299734276812348e-14,0.0,0.0,True,True,0,0
847,379.42544891048425,379.42544891048425,379.42544891046776,379.4254489104844,1.6484591469634324e-11,4.34461934932663e-14,0.0,0.0,True,True,0,0
848,404.31717469221377,404.31717469221377,404.317174692194,404.31717469221365,1.978150976356119e-11,4.892572218486601e-14,0.007408775228473163,0.007408775228472164,False,False,0,0
849,404.32217530028345,404.32217530028345,404.32217530026395,404.32217530028333,1.949729266925715e-11,4.822216999296868e-14,0.007410263903483316,0.007410263903482428,False,False,0,0
850,379.5227290522266,379.5227290522266,379.52272905220997,379.5227290522266,1.6655121726216748e-11,4.3884385443288733e-14,0.0,0.0,True,True,0,0
851,379.52776723715573,379.52776723715573,379.52776723713913,379.5277672371554,1.659827830735594e-11,4.373402881213739e-14,1.4909387110462191e-06,1.4909387110462191e-06,False,False,0,0
852,404.2049195233674,404.2049195233674,404.20491952334805,404.20491952336766,1.9326762412674725e-11,4.781426815750923e-14,0.007375356412046452,0.007375356412045564,False,False,0,0
853,404.210129794536,404.210129794536,404.21012979451655,404.2101297945357,1.944044925039634e-11,4.80949086067638e-14,0.007376907555682877,0.0073769075556819885,False,False,0,0
854,379.4201612190095,379.4201612190095,379.42016121899263,379.4201612190091,1.688249540165998e-11,4.449551480717188e-14,0.0,0.0,True,True,0,0
855,379.42539218367,379.42539218367,379.4253921836535,379.4253921836697,1.6484591469634324e-11,4.344619998878346e-14,0.0,0.0,True,True,0,0
856,404.3172450291546,404.3172450291546,404.31724502913517,404.3172450291548,1.944044925039634e-11,4.808216688604149e-14,0.007408796167711285,0.007408796167710507,False,False,0,0
857,404.32224478161856,404.32224478161856,404.32224478159935,404.3222447816188,1.921307557495311e-11,4.7519214742514164e-14,0.007410284587977545,0.007410284587976657,False,False,0,0
858,379.5227862251786,379.5227862251786,379.52278622516224,379.5227862251785,1.6370904631912708e-11,4.313549864750286e-14,0.0,0.0,True,True,0,0
859,379.52782349716296,379.52782349716296,379.5278234971466,379.52782349716296,1.6370904631912708e-11,4.31349261328533e-14,1.5078122472811373e-06,1.5078122472811373e-06,False,False,0,0
860,404.20498940519167,404.20498940519167,404.2049894051723,404.20498940519167,1.9383605831535533e-11,4.795489006718967e-14,0.007375377216497281,0.007375377216496504,False,False,0,0
861,404.2101987870676,404.2101987870676,404.21019878704834,404.2101987870675,1.9269918993813917e-11,4.7673015306486725e-14,0.007376928095351176,0.007376928095350399,False,False,0,0
862,379.4202184840552,379.4202184840552,379.4202184840385,379.4202184840551,1.6711965145077556e-11,4.4046058514880806e-14,0.0,0.0,True,True,0,0
863,379.42544850241353,379.42544850241353,379.4254485023972,379.4254485024136,1.63140612130519e-11,4.299675015854432e-14,0.0,0.0,True,True,0,0
864,404.3166011625202,404.3166011625202,404.3166011625007,404.3166011625203,1.949729266925715e-11,4.8222834811128526e-14,0.007408604489230197,0.007408604489229309,False,False,0,0
865,404.32160185957537,404.32160185957537,404.32160185955547,404.32160185957554,1.9895196601282805e-11,4.9206365699432974e-14,0.007410093190987288,0.007410093190986289,False,False,0,0
866,379.5289238267263,379.5289238267263,379.52892382671,379.5289238267265,1.63140612130519e-11,4.298502746130641e-14,1.8378237138794162e-06,1.8378237138794162e-06,False,False,0,0
867,379.53394094666885,379.53394094666885,379.53394094665236,379.5339409466689,1.6484591469634324e-11,4.3433774140244013e-14,3.3425597913971927e-06,3.3425597913971927e-06,False,False,0,0
868,404.2042645508676,404.2042645508676,404.20426455084873,404.20426455086783,1.887201506178826e-11,4.668930220901538e-14,0.0073751614207905325,0.007375161420789866,False,False,0,0
869,404.20947520139725,404.20947520139725,404.2094752013775,404.20947520139697,1.978150976356119e-11,4.8938758186470165e-14,0.007376712677670705,0.007376712677669817,False,False,0,0
870,379.42638960568775,379.42638960568775,379.42638960567143,379.4263896056874,1.63140612130519e-11,4.299664351234505e-14,0.0,0.0,True,True,0,0
871,379.43159917458445,379.43159917458445,379.43159917456813,379.4315991745849,1.63140612130519e-11,4.2996053171484695e-14,0.0,0.0,True,True,0,0
872,404.31667149660973,404.31667149660973,404.3166714965901,404.3166714966097,1.9610979506978765e-11,4.850400908373922e-14,0.007408625427623106,0.007408625427622217,False,False,0,0
873,404.3216713386066,404.3216713386066,404.32167133858724,404.32167133860685,1.9383605831535533e-11,4.794105091463766e-14,0.0074101138747991735,0.007410113874798285,False,False,0,0
874,379.52898121716674,379.52898121716674,379.5289812171503,379.5289812171669,1.6427748050773516e-11,4.32845681457289e-14,1.8550362842484347e-06,1.8550362842484347e-06,False,False,0,0
875,379.53399742217675,379.53399742217675,379.5339974221604,379.53399742217647,1.6370904631912708e-11,4.313422445184124e-14,3.35949792940049e-06,3.35949792940049e-06,False,False,0,0
876,404.20433443153144,404.20433443153144,404.20433443151177,404.2043344315311,1.9667822925839573e-11,4.8658119793544974e-14,0.007375182224900079,0.0073751822248990795,False,False,0,0
877,404.20954419324505,404.20954419324505,404.20954419322516,404.2095441932447,1.9895196601282805e-11,4.9220007016388714e-14,0.007376733217139497,0.007376733217138498,False,False,0,0
878,379.4264470916735,379.4264470916735,379.4264470916574,379.4264470916733,1.6086687537608668e-11,4.2397380733246444e-14,0.0,0.0,True,True,0,0
879,379.43165571218435,379.43165571218435,379.43165571216775,379.4316557121841,1.659827830735594e-11,4.3745106812981533e-14,0.0,0.0,True,True,0,0
880,404.3164552097146,404.3164552097146,404.31645520969516,404.316455209715,1.944044925039634e-11,4.808226081303762e-14,0.00740856103921439,0.0074085610392135015,False,False,0,0
881,404.32145675968115,404.32145675968115,404.32145675966194,404.32145675968127,1.921307557495311e-11,4.7519307357395315e-14,0.00741004999494721,0.007410049994946433,False,False,0,0
882,379.5288906483792,379.5288906483792,379.5288906483627,379.52889064837916,1.6541434888495132e-11,4.3584125730813514e-14,1.8278728467491234e-06,1.8278728467491234e-06,False,False,0,0
883,379.533908342248,379.533908342248,379.5339083422317,379.53390834224837,1.63140612130519e-11,4.298446292798838e-14,3.332781071341273e-06,3.332781071341273e-06,False,False,0,0
884,404.2041975429421,404.2041975429421,404.20419754292226,404.2041975429423,1.9838353182421997e-11,4.908002762716089e-14,0.007375141471920976,0.007375141471919977,False,False,0,0
885,404.20940873326407,404.20940873326407,404.2094087332447,404.20940873326407,1.9383605831535533e-11,4.7954365763728885e-14,0.007376692889533243,0.007376692889532355,False,False,0,0
886,379.42638885948054,379.42638885948054,379.4263888594641,379.4263888594805,1.6427748050773516e-11,4.329627177528099e-14,0.0,0.0,True,True,0,0
887,379.4315986200281,379.4315986200281,379.4315986200117,379.4315986200281,1.6427748050773516e-11,4.329567729867605e-14,0.0,0.0,True,True,0,0
888,404.3165255403612,404.3165255403612,404.3165255403412,404.31652554036117,2.000888343900442e-11,4.948816626345642e-14,0.007408581976583339,0.00740858197658234,False,False,0,0
889,404.32152623507034,404.32152623507034,404.3215262350507,404.32152623507034,1.9610979506978765e-11,4.850342669011654e-14,0.007410070677675851,0.0074100706776748515,False,False,0,0
890,379.5289480451311,379.5289480451311,379.5289480451141,379.52894804513085,1.6996182239381596e-11,4.478230798184207e-14,1.8450873102704435e-06,1.8450873101594212e-06,False,False,0,0
891,379.53396482388257,379.53396482388257,379.5339648238663,379.5339648238825,1.6257217794191092e-11,4.283468490556577e-14,3.3497210468746985e-06,3.349721046985721e-06,False,False,0,0
892,404.2042674212957,404.2042674212957,404.2042674212765,404.20426742129604,1.921307557495311e-11,4.753308444150498e-14,0.007375162275343183,0.007375162275342295,False,False,0,0
893,404.2094777226656,404.2094777226656,404.2094777226465,404.209477722666,1.9099388737231493e-11,4.725121450599899e-14,0.007376713428274062,0.007376713428273396,False,False,0,0
894,379.42644634980263,379.42644634980263,379.42644634978586,379.42644634980235,1.6768808563938364e-11,4.4195149614001296e-14,0.0,0.0,True,True,0,0
895,379.4316551618371,379.4316551618371,379.4316551618206,379.431655161837,1.6541434888495132e-11,4.35952948665809e-14,0.0,0.0,True,True,0,0
896,3503.723955514173,3503.723955514173,3503.7239555141678,3503.7239555141723,5.4569682106375694e-12,1.5574766391197496e-15,0.6082039090501508,0.6082039090501544,False,False,1,1
897,3503.7220463073036,3503.7220463073036,3503.7220463072954,3503.7220463073045,8.185452315956354e-12,2.3362162317023096e-15,0.6082036847031922,0.6082036847031955,False,False,1,1
898,3377.980243679748,3377.980243679748,3377.98024367974,3377.9802436797463,8.185452315956354e-12,2.4231794520620593e-15,0.5931458706136699,0.5931458706136734,False,False,1,1
899,3377.9784002094975,3377.9784002094975,3377.9784002094852,3377.9784002094957,1.2278178473934531e-11,3.634771161702234e-15,0.5931456456657628,0.5931456456657658,False,False,0,0
900,3503.6743923240556,3503.6743923240556,3503.6743923240497,3503.6743923240556,5.9117155615240335e-12,1.6872902272184822e-15,0.6081980849403597,0.6081980849403634,False,False,1,1
901,3503.672476257254,3503.672476257254,3503.6724762572467,3503.672476257253,7.275957614183426e-12,2.076666030711826e-15,0.6081978597839576,0.608197859783961,False,False,1,1
902,3377.927291142904,3377.927291142904,3377.927291142894,3377.9272911429034,1.000444171950221e-11,2.961710201914163e-15,0.593139409075369,0.5931394090753723,False,False,0,0
903,3377.9254403672976,3377.9254403672976,3377.925440367289,3377.9254403672985,8.640199666842818e-12,2.5578420303745155e-15,0.5931391832324453,0.5931391832324486,False,False,0,0
904,3503.7239327338675,3503.7239327338675,3503.7239327338593,3503.723932733866,8.185452315956354e-12,2.336214973869089e-15,0.6082039063732848,0.6082039063732883,False,False,1,1
905,3503.7220235220234,3503.7220235220234,3503.722023522017,3503.722023522024,6.366462912410498e-12,1.8170570809184172e-15,0.60820368202574,0.6082036820257437,False,False,1,1
906,3377.9802300599026,3377.9802300599026,3377.980230059893,3377.9802300599026,9.549694368615746e-12,2.8270427054708957e-15,0.5931458689517202,0.5931458689517234,False,False,1,1
907,3377.978386589794,3377.978386589794,3377.978386589784,3377.9783865897934,1.000444171950221e-11,2.9616654029578027e-15,0.5931456440038294,0.5931456440038327,False,False,0,0
908,3503.674369619488,3503.674369619488,3503.67436961948,3503.674369619487,8.185452315956354e-12,2.336248022057291e-15,0.608198082272354,0.6081980822723574,False,False,1,1
909,3503.672453547728,3503.672453547728,3503.6724535477215,3503.6724535477288,6.366462912410498e-12,1.8170827886505152e-15,0.6081978571153674,0.6081978571153712,False,False,1,1
910,3377.927277590623,3377.927277590623,3377.927277590613,3377.927277590623,1.000444171950221e-11,2.9617102137965762e-15,0.5931394074216376,0.5931394074216407,False,False,0,0
911,3377.925426815189,3377.925426815189,3377.9254268151813,3377.925426815188,7.73070496506989e-12,2.288595510043167e-15,0.5931391815787339,0.5931391815787374,False,False,0,0
912,3503.723702295705,3503.723702295705,3503.7237022956933,3503.7237022957033,1.1823431123048067e-11,3.374532961974466e-15,0.6082038792949787,0.6082038792949815,False,False,1,1
913,3503.721793000117,3503.721793000117,3503.7217930001098,3503.7217930001166,7.275957614183426e-12,2.07663680053583e-15,0.6082036549375778,0.6082036549375813,False,False,1,1
914,3377.979890410187,3377.979890410187,3377.979890410177,3377.979890410187,1.000444171950221e-11,2.9616640844736863e-15,0.5931458275062584,0.5931458275062617,False,False,0,0
915,3377.978046847057,3377.978046847057,3377.9780468470467,3377.9780468470567,1.0459189070388675e-11,3.0962868690491018e-15,0.593145602546994,0.5931456025469972,False,False,0,0
916,3503.6741482342654,3503.6741482342654,3503.674148234257,3503.674148234266,8.640199666842818e-12,2.4660397346588837e-15,0.608198056257453,0.6081980562574565,False,False,1,1
917,3503.6722320801855,3503.6722320801855,3503.67223208018,3503.672232080186,5.4569682106375694e-12,1.5574996315787454e-15,0.6081978310907783,0.6081978310907821,False,False,1,1
918,3377.926949032822,3377.926949032822,3377.9269490328147,3377.9269490328224,7.275957614183426e-12,2.1539712740877064e-15,0.5931393673290204,0.593139367329024,False,False,0,0
919,3377.9250981659557,3377.9250981659557,3377.925098165947,3377.925098165959,8.640199666842818e-12,2.557842289497187e-15,0.5931391414749372,0.5931391414749407,False,False,0,0
920,3503.7236795173503,3503.7236795173503,3503.723679517341,3503.7236795173485,9.094947017729282e-12,2.5957946030099444e-15,0.6082038766183417,0.608203876618345,False,False,1,1
921,3503.7217702167927,3503.7217702167927,3503.7217702167854,3503.7217702167936,7.275957614183426e-12,2.0766368140393823e-15,0.6082036522603554,0.6082036522603589,False,False,1,1
922,3377.9798767925063,3377.9798767925063,3377.9798767924945,3377.9798767925063,1.1823431123048067e-11,3.5001484775790823e-15,0.5931458258445725,0.5931458258445756,False,False,0,0
923,3377.9780332295177,3377.9780332295177,3377.978033229508,3377.9780332295177,9.549694368615746e-12,2.8270445440066275e-15,0.5931456008853246,0.5931456008853278,False,False,0,0
924,3503.6741255315746,3503.6741255315746,3503.674125531568,3503.674125531574,6.821210263296962e-12,1.946873487345817e-15,0.6081980535896676,0.6081980535896712,False,False,1,1
925,3503.6722093725393,3503.6722093725393,3503.6722093725302,3503.6722093725402,9.094947017729282e-12,2.5958327361217576e-15,0.6081978284224091,0.6081978284224123,False,False,1,1
926,3377.92693548263,3377.92693548263,3377.9269354826233,3377.92693548263,6.821210263296962e-12,2.019348077557623e-15,0.5931393656755437,0.5931393656755473,False,False,0,0
927,3377.925084615937,3377.925084615937,3377.925084615928,3377.9250846159375,9.094947017729282e-12,2.6924655786921808e-15,0.5931391398214807,0.593139139821484,False,False,0,0
928,3503.7275967832566,3503.7275967832566,3503.7275967832493,3503.7275967832556,7.275957614183426e-12,2.07663336067091e-15,0.6082043369278088,0.6082043369278123,False,False,1,1
929,3503.725688358737,3503.725688358737,3503.7256883587297,3503.725688358736,7.275957614183426e-12,2.076634491780585e-15,0.6082041126730275,0.6082041126730311,False,False,1,1
930,3377.981013467196,3377.981013467196,3377.981013467186,3377.9810134671957,1.000444171950221e-11,2.9616630998270603e-15,0.5931459645462991,0.5931459645463022,False,False,1,1
931,3377.9791703423084,3377.9791703423084,3377.979170342299,3377.979170342309,9.549694368615746e-12,2.8270435923522957e-15,0.5931457396405866,0.5931457396405899,False,False,0,0
932,3503.678036503211,3503.678036503211,3503.6780365032055,3503.678036503211,5.4569682106375694e-12,1.5574970513226175e-15,0.6081985131663395,0.6081985131663432,False,False,1,1
933,3503.676121220926,3503.676121220926,3503.6761212209167,3503.6761212209226,9.094947017729282e-12,2.5958298378789552e-15,0.6081982881023715,0.6081982881023749,False,False,1,1
934,3377.9280623934565,3377.9280623934565,3377.9280623934487,3377.9280623934565,7.73070496506989e-12,2.288593724400466e-15,0.593139503188027,0.5931395031880304,False,False,0,0
935,3377.9262119644654,3377.9262119644654,3377.9262119644573,3377.926211964466,8.185452315956354e-12,2.4232182120982524e-15,0.5931392773874514,0.5931392773874549,False,False,0,0
936,3503.72757401085,3503.72757401085,3503.7275740108435,3503.727574010851,6.366462912410498e-12,1.8170542023969537e-15,0.608204334251874,0.6082043342518777,False,False,1,1
937,3503.7256655813735,3503.7256655813735,3503.7256655813644,3503.7256655813744,9.094947017729282e-12,2.5957931316007176e-15,0.6082041099965088,0.6082041099965121,False,False,1,1
938,3377.9809998500314,3377.9809998500314,3377.9809998500236,3377.9809998500327,7.73070496506989e-12,2.288557859091896e-15,0.5931459628846767,0.5931459628846802,False,False,1,1
939,3377.979156725294,3377.979156725294,3377.9791567252864,3377.9791567252937,7.73070496506989e-12,2.2885591077963455e-15,0.5931457379789817,0.5931457379789853,False,False,0,0
940,3503.678013806541,3503.678013806541,3503.678013806532,3503.6780138065405,9.094947017729282e-12,2.59582843568669e-15,0.6081985104992647,0.608198510499268,False,False,1,1
941,3503.676098519313,3503.676098519313,3503.676098519305,3503.6760985193137,8.185452315956354e-12,2.3362468692284666e-15,0.6081982854347144,0.6081982854347179,False,False,1,1
942,3377.9280488438612,3377.9280488438612,3377.9280488438526,3377.9280488438617,8.640199666842818e-12,2.5578400551782137e-15,0.5931395015346235,0.593139501534627,False,False,0,0
943,3377.926198415047,3377.926198415047,3377.9261984150403,3377.9261984150485,6.821210263296962e-12,2.0193485181818163e-15,0.5931392757340687,0.5931392757340723,False,False,0,0
944,3503.7273436140267,3503.7273436140267,3503.727343614019,3503.727343614028,7.73070496506989e-12,2.2064231051425987e-15,0.6082043071784551,0.6082043071784584,False,False,1,1
945,3503.725435100797,3503.725435100797,3503.7254351007887,3503.7254351007946,8.185452315956354e-12,2.3362139721204698e-15,0.6082040829132326,0.608204082913236,False,False,1,1
946,3377.9806602270496,3377.9806602270496,3377.9806602270414,3377.980660227051,8.185452315956354e-12,2.4231791532536992e-15,0.5931459214424868,0.5931459214424901,False,False,1,1
947,3377.9788170092934,3377.9788170092934,3377.9788170092843,3377.978817009294,9.094947017729282e-12,2.6924227505314934e-15,0.5931456965254183,0.5931456965254216,False,False,0,0
948,3503.6777924632315,3503.6777924632315,3503.6777924632247,3503.6777924632315,6.821210263296962e-12,1.9468714497577607e-15,0.6081984844893175,0.6081984844893209,False,False,1,1
949,3503.675877093668,3503.675877093668,3503.675877093662,3503.6758770936685,5.9117155615240335e-12,1.6872895121873708e-15,0.608198259415077,0.6081982594150808,False,False,1,1
950,3377.927720312871,3377.927720312871,3377.9277203128613,3377.9277203128695,9.549694368615746e-12,2.8270866517331027e-15,0.5931394614452872,0.5931394614452906,False,False,0,0
951,3377.9258697926234,3377.9258697926234,3377.925869792615,3377.9258697926225,8.640199666842818e-12,2.557841705203926e-15,0.593139235633553,0.5931392356335563,False,False,0,0
952,3503.7273208435763,3503.7273208435763,3503.727320843568,3503.7273208435763,8.185452315956354e-12,2.3362127147456157e-15,0.6082043045027499,0.6082043045027534,False,False,1,1
953,3503.7254123253842,3503.7254123253842,3503.725412325376,3503.7254123253833,8.185452315956354e-12,2.336213987306659e-15,0.6082040802369428,0.6082040802369462,False,False,1,1
954,3377.980646612047,3377.980646612047,3377.9806466120413,3377.980646612047,5.9117155615240335e-12,1.7500738399591488e-15,0.5931459197811282,0.593145919781132,False,False,1,1
955,3377.978803394441,3377.978803394441,3377.9788033944324,3377.978803394441,8.640199666842818e-12,2.5578016233140693e-15,0.5931456948640771,0.5931456948640805,False,False,0,0
956,3503.677769768438,3503.677769768438,3503.677769768429,3503.677769768437,9.094947017729282e-12,2.595828616491287e-15,0.6081984818224628,0.6081984818224662,False,False,1,1
957,3503.675854393935,3503.675854393935,3503.675854393927,3503.675854393934,8.185452315956354e-12,2.336247032010977e-15,0.6081982567476405,0.6081982567476439,False,False,1,1
958,3377.927706765364,3377.927706765364,3377.9277067653557,3377.9277067653643,8.185452315956354e-12,2.4232171397754926e-15,0.5931394597921386,0.593139459792142,False,False,0,0
959,3377.9258562452947,3377.9258562452947,3377.925856245285,3377.9258562452947,9.549694368615746e-12,2.8270882118267185e-15,0.5931392339804249,0.5931392339804282,False,False,0,0
960,3503.7329376454104,3503.7329376454104,3503.732937645404,3503.732937645411,6.366462912410498e-12,1.8170514207880546e-15,0.6082049645201291,0.6082049645201327,False,False,1,1
961,3503.7351389730748,3503.7351389730748,3503.7351389730707,3503.7351389730775,4.092726157978177e-12,1.168103750895318e-15,0.6082052231927431,0.6082052231927468,False,False,1,1
962,3377.9872684752554,3377.9872684752554,3377.987268475246,3377.9872684752545,9.549694368615746e-12,2.8270368150103345e-15,0.5931467278072942,0.5931467278072973,False,False,1,1
963,3377.9894964128307,3377.9894964128307,3377.9894964128202,3377.9894964128316,1.0459189070388675e-11,3.096276374303574e-15,0.5931469996687644,0.5931469996687675,False,False,1,1
964,3503.6834100933993,3503.6834100933993,3503.683410093393,3503.683410093401,6.366462912410498e-12,1.8170771063589857e-15,0.608199144613838,0.6081991446138415,False,False,1,1
965,3503.6856183458585,3503.6856183458585,3503.685618345851,3503.6856183458585,7.73070496506989e-12,2.2064493813573574e-15,0.6081994041040217,0.6081994041040253,False,False,1,1
966,3377.9343487893166,3377.9343487893166,3377.9343487893066,3377.9343487893166,1.000444171950221e-11,2.961704013900654e-15,0.5931402702912651,0.5931402702912685,False,False,0,0
967,3377.9365844468257,3377.9365844468257,3377.9365844468193,3377.9365844468266,6.366462912410498e-12,1.8847194887328165e-15,0.5931405430990809,0.5931405430990846,False,False,0,0
968,3503.7329149979078,3503.7329149979078,3503.7329149979023,3503.732914997907,5.4569682106375694e-12,1.5574726564569856e-15,0.6082049618588758,0.6082049618588795,False,False,1,1
969,3503.7351163369385,3503.7351163369385,3503.735116336932,3503.735116336939,6.366462912410498e-12,1.8170502909096806e-15,0.608205220532827,0.6082052205328308,False,False,1,1
970,3377.9872549695915,3377.9872549695915,3377.9872549695833,3377.9872549695924,8.185452315956354e-12,2.4231744225541903e-15,0.5931467261592807,0.5931467261592841,False,False,1,1
971,3377.9894829123064,3377.9894829123064,3377.989482912298,3377.989482912307,8.185452315956354e-12,2.4231728243568517e-15,0.5931469980213793,0.5931469980213826,False,False,1,1
972,3503.683387521666,3503.683387521666,3503.68338752166,3503.683387521667,6.366462912410498e-12,1.8170771180651175e-15,0.6081991419614488,0.6081991419614523,False,False,1,1
973,3503.685595785471,3503.685595785471,3503.6855957854605,3503.6855957854705,1.0459189070388675e-11,2.9851962410582364e-15,0.6081994014529675,0.6081994014529706,False,False,1,1
974,3377.934335351261,3377.934335351261,3377.9343353512513,3377.93433535126,9.549694368615746e-12,2.8270811154245554e-15,0.5931402686514756,0.593140268651479,False,False,0,0
975,3377.9365710138663,3377.9365710138663,3377.9365710138627,3377.9365710138663,3.637978807091713e-12,1.0769825692729916e-15,0.5931405414599145,0.5931405414599185,False,False,0,0
976,3503.7326839638317,3503.7326839638317,3503.7326839638245,3503.7326839638317,7.275957614183426e-12,2.076630345541091e-15,0.6082049347106182,0.6082049347106218,False,False,1,1
977,3503.7348854398156,3503.7348854398156,3503.734885439808,3503.7348854398156,7.73070496506989e-12,2.2064183557939123e-15,0.6082051934006804,0.6082051934006838,False,False,1,1
978,3377.9869147422514,3377.9869147422514,3377.986914742242,3377.98691474225,9.549694368615746e-12,2.8270371110494402e-15,0.5931466846434224,0.5931466846434256,False,False,1,1
979,3377.9891428302853,3377.9891428302853,3377.989142830279,3377.989142830285,6.366462912410498e-12,1.8846901642425904e-15,0.593146956523281,0.5931469565232848,False,False,1,1
980,3503.6831655342216,3503.6831655342216,3503.683165534215,3503.683165534223,6.821210263296962e-12,1.9468684641343426e-15,0.6081991158758514,0.6081991158758551,False,False,1,1
981,3503.685373933221,3503.685373933221,3503.685373933212,3503.6853739332228,9.094947017729282e-12,2.5958229826781898e-15,0.6081993753832742,0.6081993753832775,False,False,1,1
982,3377.9340062088318,3377.9340062088318,3377.9340062088236,3377.934006208832,8.185452315956354e-12,2.423212620764951e-15,0.5931402284876036,0.5931402284876071,False,False,0,0
983,3377.936242014809,3377.936242014809,3377.936242014801,3377.9362420148095,8.185452315956354e-12,2.423211016876401e-15,0.5931405013135643,0.5931405013135678,False,False,0,0
984,3503.7326613182777,3503.7326613182777,3503.7326613182718,3503.732661318279,5.9117155615240335e-12,1.6872621666573594e-15,0.6082049320495935,0.6082049320495972,False,False,1,1
985,3503.7348628056316,3503.7348628056316,3503.7348628056207,3503.73486280563,1.0913936421275139e-11,3.1149435812434036e-15,0.6082051907409937,0.6082051907409967,False,False,1,1
986,3377.9869012387417,3377.9869012387417,3377.9869012387335,3377.9869012387426,8.185452315956354e-12,2.4231746763004516e-15,0.5931466829956717,0.5931466829956751,False,False,1,1
987,3377.9891293319197,3377.9891293319197,3377.98912933191,3377.98912933192,9.549694368615746e-12,2.8270352576606523e-15,0.5931469548761591,0.5931469548761623,False,False,1,1
988,3503.6831429643667,3503.6831429643667,3503.683142964359,3503.683142964366,7.73070496506989e-12,2.2064509402323294e-15,0.6081991132236826,0.6081991132236861,False,False,1,1
989,3503.6853513747083,3503.6853513747083,3503.6853513747,3503.6853513747087,8.185452315956354e-12,2.3362406994522794e-15,0.60819937273244,0.6081993727324434,False,False,1,1
990,3377.9339927728583,3377.9339927728583,3377.933992772851,3377.933992772858,7.275957614183426e-12,2.1539667825808464e-15,0.5931402268480679,0.5931402268480716,False,False,0,0
991,3377.936228583933,3377.936228583933,3377.9362285839243,3377.9362285839343,8.640199666842818e-12,2.5578338613174124e-15,0.5931404996746517,0.5931404996746552,False,False,0,0
992,3503.736580422883,3503.736580422883,3503.7365804228743,3503.7365804228825,8.640199666842818e-12,2.4659957929257315e-15,0.6082053925738816,0.6082053925738848,False,False,1,1
993,3503.738780613149,3503.738780613149,3503.7387806131414,3503.7387806131483,7.73070496506989e-12,2.2064159028764776e-15,0.6082056511125602,0.6082056511125637,False,False,1,1
994,3377.988038801558,3377.988038801558,3377.988038801549,3377.988038801558,9.094947017729282e-12,2.69241540030911e-15,0.5931468218054785,0.5931468218054818,False,False,1,1
995,3377.9902662449767,3377.9902662449767,3377.9902662449667,3377.9902662449754,1.000444171950221e-11,2.961654987426383e-15,0.5931470936065871,0.5931470936065903,False,False,1,1
996,3503.6870557822876,3503.6870557822876,3503.687055782279,3503.6870557822863,8.640199666842818e-12,2.4660306497932e-15,0.6081995730160671,0.6081995730160703,False,False,1,1
997,3503.6892628944242,3503.6892628944242,3503.689262894416,3503.689262894424,8.185452315956354e-12,2.3362380912724806e-15,0.6081998323719688,0.6081998323719723,False,False,1,1
998,3377.935120579622,3377.935120579622,3377.935120579613,3377.9351205796224,9.094947017729282e-12,2.6924575792825397e-15,0.5931403644695876,0.593140364469591,False,False,0,0
999,3377.9373557412764,3377.9373557412764,3377.9373557412664,3377.9373557412773,1.000444171950221e-11,2.9617013774687873e-15,0.5931406372168332,0.5931406372168364,False,False,0,0
1000,3503.7365577833043,3503.7365577833043,3503.736557783295,3503.7365577833034,9.094947017729282e-12,2.5957850619577824e-15,0.6082053899135622,0.6082053899135655,False,False,1,1
1001,3503.738757984913,3503.738757984913,3503.738757984907,3503.7387579849133,5.9117155615240335e-12,1.6872592307435638e-15,0.6082056484535754,0.6082056484535792,False,False,1,1
1002,3377.9880252985886,3377.9880252985886,3377.9880252985804,3377.9880252985886,8.185452315956354e-12,2.4231738699644508e-15,0.5931468201577943,0.5931468201577978,False,False,1,1
1003,3377.9902527471368,3377.9902527471368,3377.9902527471304,3377.9902527471377,6.366462912410498e-12,1.8846895449840322e-15,0.5931470919595299,0.5931470919595336,False,False,1,1
1004,3503.687033218476,3503.687033218476,3503.6870332184703,3503.6870332184767,5.4569682106375694e-12,1.5574930520049378e-15,0.6081995703646115,0.6081995703646152,False,False,1,1
1005,3503.6892403419342,3503.6892403419342,3503.689240341927,3503.689240341934,7.275957614183426e-12,2.07665609449808e-15,0.6081998297218455,0.6081998297218489,False,False,1,1
1006,3377.9351071442634,3377.9351071442634,3377.935107144255,3377.9351071442643,8.185452315956354e-12,2.423211830992339e-15,0.5931403628301275,0.593140362830131,False,False,0,0
1007,3377.9373423110055,3377.9373423110055,3377.937342310998,3377.9373423110055,7.73070496506989e-12,2.28858743714321e-15,0.5931406355779951,0.5931406355779985,False,False,0,0
1008,3503.7363267904807,3503.7363267904807,3503.7363267904716,3503.736326790481,9.094947017729282e-12,2.5957852330915853e-15,0.6082053627701817,0.608205362770185,False,False,1,1
1009,3503.738527129079,3503.738527129079,3503.7385271290727,3503.7385271290786,6.366462912410498e-12,1.8170485220616904e-15,0.6082056213263101,0.6082056213263138,False,False,1,1
1010,3377.9876850979767,3377.9876850979767,3377.987685097969,3377.987685097977,7.73070496506989e-12,2.288553329893405e-15,0.5931467786452069,0.5931467786452105,False,False,1,1
1011,3377.989912691855,3377.989912691855,3377.989912691848,3377.9899126918563,6.821210263296962e-12,2.0193104300484045e-15,0.5931470504647041,0.5931470504647076,False,False,1,1
1012,3503.6868112728544,3503.6868112728544,3503.686811272849,3503.686811272855,5.4569682106375694e-12,1.5574931506663711e-15,0.6081995442839574,0.6081995442839612,False,False,1,1
1013,3503.689018531548,3503.689018531548,3503.6890185315406,3503.689018531549,7.275957614183426e-12,2.0766562259663376e-15,0.6081998036571,0.6081998036571036,False,False,1,1
1014,3377.934778028639,3377.934778028639,3377.934778028628,3377.934778028638,1.0913936421275139e-11,3.2309494227844466e-15,0.5931403226695358,0.5931403226695389,False,False,0,0
1015,3377.9370133387565,3377.9370133387565,3377.9370133387474,3377.9370133387574,9.094947017729282e-12,2.692456070618033e-15,0.5931405954349256,0.5931405954349289,False,False,0,0
1016,3503.7363041528497,3503.7363041528497,3503.7363041528442,3503.73630415285,5.4569682106375694e-12,1.557471149917768e-15,0.6082053601100911,0.6082053601100947,False,False,1,1
1017,3503.738504502795,3503.738504502795,3503.7385045027872,3503.7385045027954,7.73070496506989e-12,2.2064160767519753e-15,0.6082056186675546,0.6082056186675581,False,False,1,1
1018,3377.9876715971645,3377.9876715971645,3377.987671597155,3377.987671597165,9.549694368615746e-12,2.8270364776377364e-15,0.5931467769977858,0.5931467769977892,False,False,1,1
1019,3377.9898991961722,3377.9898991961722,3377.9898991961645,3377.9898991961745,7.73070496506989e-12,2.288551829864705e-15,0.5931470488179098,0.5931470488179134,False,False,1,1
1020,3503.6867887109183,3503.6867887109183,3503.686788710911,3503.6867887109197,7.275957614183426e-12,2.076657547594432e-15,0.6081995416327222,0.6081995416327257,False,False,1,1
1021,3503.6889959809328,3503.6889959809328,3503.688995980924,3503.6889959809323,8.640199666842818e-12,2.4660292842070048e-15,0.6081998010071967,0.6081998010072002,False,False,1,1
1022,3377.9347645953617,3377.9347645953617,3377.9347645953535,3377.9347645953612,8.185452315956354e-12,2.4232120767248974e-15,0.5931403210303294,0.5931403210303329,False,False,0,0
1023,3377.9369999105693,3377.9369999105693,3377.936999910562,3377.9369999105684,7.275957614183426e-12,2.1539648650570026e-15,0.5931405937963414,0.5931405937963451,False,False,0,0
